AccountID,ContactID,LeadID,OpportunityID,ActivityID,FirstName,LastName,Email,Phone,Status
9710,84444,530975,5105172,76567931,Kathryn,Johnson,marywong@example.net,371-773-4671x1255,Inactive
3801,11367,737474,1602009,60869445,Sarah,Lin,ortizjohn@example.org,(668)925-7106,Inactive
6408,50540,665733,3180287,62628748,Jessica,Cruz,brandy94@example.org,(350)364-2337,Active
5248,14428,792551,3155472,58831610,Amy,Johnson,melissa27@example.com,935-512-0525,Active
3804,77002,818066,5129661,41621603,Christina,Cox,brooke48@example.com,3679529308,Inactive
5335,41976,578321,5628114,42093268,Kevin,Mcguire,hickstyler@example.com,+1-928-923-0647x1568,Active
3479,47375,546949,6140713,22874274,Abigail,Johnson,baileysmall@example.com,+1-823-629-3061x00872,Inactive
3842,57620,448078,9433556,80479875,Robert,Burke,ukemp@example.com,+1-872-882-4769x000,Inactive
1720,88089,430306,1484638,99636232,Meagan,Duncan,scottlopez@example.net,9119804590,Active
5300,19988,706210,8164112,98327538,Derek,Thompson,jamesholt@example.org,439-804-3044x03375,Inactive
1128,66613,594875,4438394,27999019,Kathleen,Kramer,dochoa@example.org,001-960-543-8143x63556,Active
1450,14024,131264,4153730,12628356,Donald,Richmond,stephensamy@example.org,4514000243,Inactive
6073,63461,694516,7623976,47614962,David,Miller,joshuamedina@example.org,001-960-639-6085x441,Inactive
8539,75758,144730,2283219,91550250,William,Sawyer,clarkaaron@example.net,660.394.0882,Active
4583,90457,602947,1197928,59687023,Michael,Henry,marie47@example.net,+1-750-462-3466x042,Active
3795,65644,871340,7673213,27740574,Patricia,Silva,jesse59@example.com,(399)894-5463,Active
8425,27906,458035,3920661,59984521,Michael,Buck,gordonrobert@example.com,(452)727-5044x578,Active
6211,22998,558721,9650456,56231206,Katrina,Erickson,ruizbrandon@example.net,+1-628-593-5966x376,Inactive
5261,39886,251769,1572358,10989098,Tammy,Johnson,allison55@example.com,582.277.4124x2442,Inactive
8296,72283,880418,6517563,51774812,Shelley,Bell,bradyamanda@example.org,685.384.2136x17056,Active
9500,27413,889271,2666216,77235933,David,Robertson,anthony58@example.org,(971)363-9476x6995,Inactive
1310,38751,199284,9959185,99067341,Kyle,Thornton,zcunningham@example.org,861-292-7844x4605,Inactive
7010,70984,969272,4621688,68536820,Kelly,Collins,wuvanessa@example.net,001-489-642-6046x5620,Active
3209,51596,477448,3635228,12201636,Lisa,Garcia,murphyalicia@example.net,+1-755-851-0394x94976,Inactive
2476,21284,372912,2860747,75549978,Elizabeth,Grimes,kevinrose@example.com,739.755.3013x8918,Active
3803,16860,379969,2533541,10257591,Kathleen,Rubio,robert08@example.org,(207)638-1775x7811,Inactive
6106,18813,105805,1404604,15671088,Benjamin,Lopez,xmiller@example.net,+1-754-248-6136x6192,Active
8059,34806,472848,8766247,59548059,Patricia,Ramsey,joshua23@example.org,714.593.3764,Inactive
4948,95810,731864,5485804,31994573,Jonathan,Ramirez,rodney16@example.net,(786)903-3003x39843,Inactive
4477,52783,360494,6088113,36104584,Shawn,David,kmcbride@example.net,394-480-8908x3632,Active
5900,76428,106299,6793379,24324300,Russell,Singleton,freemanelizabeth@example.com,623-431-0762x38433,Inactive
7559,56866,542783,2961515,16629166,Cory,Long,janeevans@example.net,835-639-9090x902,Inactive
1616,88630,773447,8042810,80953460,Laura,Jones,ejones@example.com,4053273859,Inactive
3440,32250,107394,4286066,76389517,Susan,Baker,alicia40@example.org,001-440-724-0354x611,Inactive
4265,90516,920094,5071281,40134244,April,Yates,hector58@example.net,446-670-1940,Inactive
8534,52053,574538,4188070,90420173,Sandra,Moreno,hannahdean@example.net,302-461-8489x5751,Inactive
2828,64483,759288,9662182,13317352,William,Watkins,gclarke@example.org,001-516-257-9741x2669,Active
1943,88505,686790,2766433,54212525,Misty,Quinn,unguyen@example.org,(788)596-7975x897,Inactive
5831,66536,354923,9444627,76078204,Matthew,Smith,georgerobles@example.net,+1-746-807-6520x504,Active
7260,41962,646912,4684140,54568056,Mark,Gonzalez,nwarner@example.com,001-871-543-0883,Inactive
8239,57526,497053,9064088,32620111,Carol,Anderson,courtney65@example.com,276-459-8344x47201,Inactive
7771,61648,428896,3288056,14336062,Scott,Shelton,christyburch@example.com,+1-411-325-0907x57033,Active
8163,24045,739116,4323312,26951782,Kimberly,Barnett,awhite@example.com,228-895-9585x75108,Active
3564,93864,108042,9307487,15641551,Ryan,Warner,sgood@example.com,(752)800-1339,Active
3547,44916,898133,7993843,75875805,Rebekah,Preston,brianstevens@example.net,+1-350-256-9640x59625,Inactive
8408,86837,518859,5533746,30512466,Christopher,Terrell,alexander00@example.com,515.739.8887,Active
5037,78836,691699,8982782,64903946,Emma,Russell,elucas@example.org,4482062187,Active
8178,74856,245082,6436227,63472459,Veronica,Castillo,xreynolds@example.org,385-858-3264,Active
3570,10409,340948,7537939,10054270,Charles,Duke,zgarcia@example.org,3585464807,Active
9939,74502,694924,4756371,11694675,Ronald,Winters,matthew87@example.org,(501)316-1260x32603,Active
6058,51769,707167,3945663,50074111,Natasha,Tran,jorge26@example.com,899-513-3245x973,Inactive
4993,81055,196091,1637330,11709748,Adam,Macdonald,krogers@example.com,7172818384,Active
9981,78319,180509,4099311,78365254,Aaron,Reed,ryan54@example.net,253.325.7750x06877,Active
8203,58092,958045,9112364,24140788,Deborah,Hahn,xavier35@example.net,2272895733,Active
7542,45334,235054,9624535,36497517,Larry,Mckay,barreracarl@example.net,246-847-5918x506,Active
6612,59096,333847,4820863,91198875,Allen,Reeves,elizabethwagner@example.org,001-459-223-2827x364,Active
1652,17682,848477,8643468,88101039,Melanie,Stewart,janetwolfe@example.org,+1-207-217-5044x604,Active
1901,53773,281897,5972751,62484264,Sydney,Schaefer,daniel97@example.org,7642817120,Active
4564,41690,292346,7649497,93188905,Brandy,Brown,erik37@example.com,622-384-0805x315,Inactive
3479,86574,119424,6631738,11708311,Samantha,Sosa,wrightmeagan@example.net,543-666-9709x5810,Active
3405,15608,356450,1048756,67487499,Kimberly,Arnold,nathan80@example.org,(363)629-2951x040,Inactive
9649,11918,356564,9276501,72237840,Audrey,Boyd,donaldmartin@example.com,+1-832-488-4627x23873,Active
7924,73863,831561,9283819,87385256,Lisa,Brown,lawsonsteven@example.net,332.356.6666x1126,Active
3690,70796,805820,7886535,67246822,Carolyn,Munoz,mitchellanderson@example.org,001-909-292-0340x2099,Inactive
9057,26364,700869,8018167,98303044,Cory,Nguyen,tammydavis@example.com,982-354-1730x655,Inactive
6370,54833,495269,2591358,41441820,Douglas,Walker,hbrown@example.com,404.352.0810,Inactive
7928,29328,389081,4658327,75897887,John,Rose,daniel87@example.org,+1-279-735-6972,Inactive
1090,67885,253352,8305392,92642524,Rachel,King,kathleen31@example.com,967.233.2342x79532,Active
8891,72935,808218,6030292,96814661,Jacob,Prince,xconway@example.net,(931)681-4906x0637,Active
4848,64153,482225,7275743,47557119,Lindsay,Clark,edwardsanthony@example.com,4749450486,Inactive
4417,96027,777587,6454484,68389572,Barry,Cohen,carloszimmerman@example.com,(740)423-8628x328,Active
8667,42460,198634,9467388,56357100,Kevin,Sanchez,oliviascott@example.org,4285608420,Inactive
2762,22097,402555,2319127,90736073,Jessica,Campos,whatfield@example.org,625-733-9720x6050,Active
3969,55474,420641,4344994,77171986,Amanda,Harris,jbailey@example.net,7938904918,Inactive
8575,67608,718879,2521129,13740400,George,Elliott,jdaniels@example.net,001-841-347-1298,Active
2479,76716,890454,4132353,36599534,Joshua,Jackson,smithbrenda@example.com,4604794087,Active
1201,72391,854839,2273279,85660842,Marilyn,Horne,nicholassanders@example.com,(224)291-4098x7155,Active
8668,73449,603595,5703708,52287298,Jennifer,Dean,brianrodriguez@example.com,442-498-4707,Inactive
4408,78430,246590,7727894,21998320,Cody,Price,antoniofuentes@example.net,779-286-7871x0347,Inactive
9350,14560,591806,4996152,57490302,Stefanie,Byrd,yfletcher@example.net,001-846-732-1063x72377,Inactive
6351,48564,734180,3721137,56120668,Daniel,Gray,cynthia76@example.org,353.743.1844x10846,Inactive
3234,90075,499833,8451332,40613689,Cynthia,Smith,andreaconner@example.net,277.761.5685x346,Inactive
5883,35280,373374,1799226,87507470,Amanda,Rivera,trevinotravis@example.com,+1-853-905-8538,Active
8779,33743,591301,3063358,85595835,Bryan,Ramirez,erin47@example.org,763-462-2160x0356,Inactive
1759,74746,882225,7450798,87377178,Richard,Donaldson,alexander02@example.com,808-923-4164,Inactive
5664,21944,481606,5455944,56778273,Dean,Andrews,smithalyssa@example.com,394.943.0775x6475,Inactive
4802,95889,181223,7394730,36703551,Wendy,Estrada,harrismonica@example.com,(405)453-0979x321,Active
7129,27660,841882,5275714,32806451,Patrick,Rodriguez,douglasmcdonald@example.com,(230)753-4263x3980,Inactive
3342,73429,733911,7745439,74873098,Paul,Williams,bellmichael@example.com,826.472.0219x211,Inactive
3108,22091,399835,1050701,59743808,David,Chen,katherinegallegos@example.com,3198526391,Active
5911,22275,855742,9867576,36452195,Renee,Frazier,briannaramos@example.net,+1-429-696-4660x82313,Active
6886,32428,287553,6646142,66739330,Joseph,Barron,moranmichael@example.org,227-659-1856x873,Inactive
3384,42193,670975,3144697,22210780,Tiffany,Holloway,afrederick@example.org,001-212-751-3504x55044,Inactive
4585,10227,531357,9860502,64850394,Carla,Thompson,brobinson@example.com,924.880.8152x9902,Active
8260,48875,703825,3657411,44954925,Laura,Davis,rebeccamiller@example.com,354.736.1577x526,Inactive
5189,78075,950969,3210922,38399988,Sarah,Ellis,tamimorrison@example.net,5483483652,Active
4395,41322,691238,1988547,44880924,David,Phillips,millerrobert@example.net,+1-865-827-6261x73031,Active
6890,10471,387699,7893060,87642371,Scott,Taylor,silvafrank@example.com,382.968.2458,Inactive
5238,47362,185080,2564748,55410225,Ryan,Mccann,hsilva@example.com,(699)285-0952x0146,Inactive
1218,96997,598971,7543418,68475511,Michael,Campbell,melissaphillips@example.com,+1-382-240-9972x25386,Inactive
3291,44547,119355,6281375,26488546,Lucas,Hall,melendezpatricia@example.org,001-311-385-9515x2581,Inactive
9447,46758,350118,4401582,38535684,Destiny,Bennett,murphyrichard@example.com,727-682-1697,Inactive
5819,20222,638590,3321984,72409094,Anna,Brooks,natalie10@example.com,597.771.7078,Inactive
8624,59184,915854,5393393,13069308,Rodney,Wilson,eric16@example.org,(365)787-8616x310,Inactive
6022,93838,410541,4690327,27384985,Steven,Roberson,ycameron@example.com,699-572-2466x119,Active
5355,28908,760094,3683371,31730297,Todd,Combs,uwashington@example.org,605.859.9474x1076,Active
2061,75370,198672,8114203,83279011,George,Walker,pkoch@example.net,996-257-4516,Inactive
4625,19935,968599,7083183,69094804,Angela,Washington,terri94@example.com,810.355.7175x421,Active
8089,31793,600683,8765437,70978689,Jennifer,Lester,ynolan@example.org,001-500-217-3049x54691,Inactive
8235,13459,768752,4679579,25132464,Kurt,Jenkins,joshuadiaz@example.org,+1-418-218-2889,Active
8779,98660,580646,8315357,25706547,Bryan,Roberts,scottburnett@example.net,683.754.1509x7885,Inactive
6129,31127,667249,6386268,23028610,Leslie,Reed,michealschwartz@example.org,(241)533-8583,Inactive
5234,82245,298359,1928556,39555189,Carrie,Young,psmith@example.org,790-838-5646x090,Active
9466,35836,960321,3777025,65894879,Thomas,Cameron,iriley@example.net,831-210-7857,Inactive
1303,65802,508634,6923496,44735625,Noah,Freeman,ychristian@example.com,257-683-9641,Inactive
8500,87669,882669,4636195,39119721,Wayne,Mcfarland,micheal05@example.org,828-779-1518x0979,Inactive
1719,37029,755837,8057524,87780087,Ruben,Welch,cruzchristopher@example.org,+1-849-677-8172x7453,Active
2823,83929,861517,5117353,20428398,Linda,Wise,kingdavid@example.org,(461)653-7556x30520,Active
7459,95472,907748,5629091,84961132,Michael,Berg,xwilliams@example.com,(373)210-3381x4625,Inactive
9743,57309,853688,1322491,50291965,Marie,Wilson,fmoore@example.net,001-294-481-9395x529,Inactive
6896,94845,142510,4492941,20477258,Meredith,Marks,jacob02@example.com,001-560-262-8020x350,Inactive
1470,68702,337657,4593881,54863813,Ryan,Martinez,perezchristopher@example.net,404-942-4688,Inactive
3173,23801,896645,9194074,81315294,Todd,Anderson,elizabethphillips@example.net,967.757.7221,Inactive
7415,70280,180076,6207508,87734519,Joshua,Maldonado,lewisalexander@example.com,001-449-477-3342x245,Inactive
3246,27179,693013,4906925,61411503,Adam,Rogers,cheyenne77@example.net,+1-526-299-0322x27170,Inactive
8602,87434,698746,7959647,63030212,Connor,Evans,millerscott@example.net,+1-822-714-0268x5207,Inactive
2666,88606,119777,4682863,35692120,Angela,Pope,esmith@example.org,7303099578,Inactive
1988,52141,871706,2951162,94471717,Tyrone,Kent,griddle@example.com,+1-762-638-6221x605,Active
6513,67847,446397,3813305,50564561,Sara,Munoz,jenningsdillon@example.net,202-638-2239,Inactive
8180,15572,599936,6357994,65362992,Amanda,Morgan,arnoldjonathan@example.com,(250)218-5994,Active
7302,34970,784646,2099407,94250847,Andrew,Garcia,thompsonmolly@example.net,001-677-665-1491x2245,Active
6248,52668,517082,5325751,20364393,Tammy,Silva,jeffreyroman@example.org,001-618-732-1224,Active
5840,54982,991958,7314270,49876883,Denise,Lee,jmaldonado@example.com,+1-564-946-8020,Inactive
7269,72056,506020,1495904,43111091,Raymond,Morris,jasongrimes@example.net,(907)367-8474,Active
4875,30297,231316,1300256,86893822,Patricia,Salinas,stephanie22@example.net,997.321.4979,Inactive
7065,28304,455533,5405193,62297117,Scott,Brown,jonesantonio@example.net,(207)228-2612,Inactive
7708,73145,767566,2116936,11327616,Darryl,Vargas,emilygarcia@example.org,(717)600-8639x74016,Inactive
4067,32807,880626,3055519,33960618,Andrew,Anderson,frobinson@example.org,(919)641-3853,Inactive
8244,45540,318125,2000213,26926571,John,Miller,amandanichols@example.com,001-490-983-0294x22280,Inactive
3949,73891,955689,7980482,29460738,Terrence,Blanchard,juliewells@example.com,354.721.5228,Active
4432,67549,600442,3649087,54647389,Aaron,Vaughn,jessica84@example.net,885-300-5267x9419,Inactive
3367,84439,536527,4680887,74927523,James,Perez,sandramarshall@example.com,359.564.1287,Active
2854,90026,468992,6919700,63751144,Adam,Oconnor,amywalters@example.org,377.513.4160x1748,Inactive
2897,81532,717771,6175260,81146879,Sean,Hines,jessicadonovan@example.com,933.937.6886,Active
9338,96914,623441,7903429,71382014,Barbara,Harper,matthewchambers@example.net,892-452-4195,Active
2400,47052,435230,2176945,87926507,Yesenia,Cline,sandralee@example.net,538-263-0516x6360,Inactive
3577,12156,304457,4650596,54485790,Anthony,Hoffman,yhayes@example.com,239.451.1291x916,Active
5765,95090,667412,8658781,16796765,Aaron,Price,robert50@example.net,6946117244,Inactive
8506,41611,589699,3507697,34569282,Jessica,Fuller,garciadavid@example.org,3876696872,Inactive
4883,61244,417456,2994713,70543391,Patrick,Huynh,lori38@example.net,001-749-596-7016x297,Inactive
4372,73538,214258,6437954,78947928,Amy,Olson,seanbrown@example.net,+1-769-438-8789,Inactive
5059,66170,401558,8010776,92974875,Sharon,Mclaughlin,douglasconner@example.net,654-281-9503x365,Inactive
7050,96298,962312,2825901,29535170,Robert,Clark,martinezjodi@example.org,001-252-696-0538,Inactive
6218,77369,580475,8682470,35731207,Rebecca,Sanchez,crawfordharold@example.net,+1-412-486-1326,Inactive
6937,34871,155258,4517929,38277306,Christopher,Jones,kenneth67@example.com,(729)496-1443x2575,Inactive
7267,98537,135818,5512621,76198629,Emily,Jones,peter71@example.net,(289)227-3675x37997,Inactive
6466,83052,505476,8726752,86120855,Lori,Miller,graydonna@example.org,(242)887-7629,Inactive
8138,38611,601244,7029052,71140737,Joseph,Williamson,qwolfe@example.com,4343611630,Inactive
3397,94333,360653,4303493,42542353,Robert,Gutierrez,rcarr@example.net,642-931-8860,Inactive
1188,19747,343781,6161527,36676218,Kristi,Smith,amanda39@example.org,5328847945,Active
9700,50363,217896,3181132,40153276,Kimberly,White,turnercharles@example.com,857-610-0979x30503,Active
7225,71433,979789,4722767,71729767,Brian,Rice,sandra92@example.org,001-655-945-6563x145,Inactive
9208,14123,227830,6672663,74862946,Michele,Wyatt,williamsmariah@example.com,+1-218-530-7798x975,Active
7206,51718,625701,5462358,66502998,Timothy,Jones,mariobailey@example.net,(988)872-6687x89812,Active
4024,93651,480508,6135822,70474778,Darrell,Martinez,hardywhitney@example.com,3566918818,Active
8808,20652,973260,6319183,65334475,Bobby,Mullins,coxjason@example.net,(267)700-1649,Inactive
1302,55013,767370,3728246,81297610,Heidi,Martin,whill@example.net,519.656.3199,Active
7428,45435,824892,4201442,33260974,Sara,Valdez,hcain@example.net,9096784152,Active
1049,83443,257513,5606794,96456303,Nicholas,Sanchez,wendy84@example.net,(675)761-2886x686,Inactive
3370,77692,136006,1720648,85464680,Jonathan,Benitez,ewaters@example.net,580.833.0024,Active
7581,77516,548304,8015842,24212446,Elizabeth,Wilkinson,ashley90@example.org,+1-621-803-1988x606,Inactive
7036,18812,778988,5074331,94116266,Amanda,Berry,brittanysmith@example.com,+1-462-339-8752x3122,Active
1617,95110,752233,2637541,76431532,Thomas,Mendez,ortiztabitha@example.com,226-401-1882x053,Inactive
6517,61075,872579,6823432,93703863,Amanda,Steele,soliver@example.org,(605)258-0882x7326,Active
5646,74931,373863,6697578,67770525,Gregory,Maldonado,burnettbrad@example.org,(711)208-5966x280,Inactive
8640,99273,954385,6607515,97390220,Cynthia,Oneill,vromero@example.org,001-477-822-9545x00713,Inactive
5393,43850,442535,6162619,24369597,Jessica,Hunter,genekeller@example.net,283-502-9400x010,Active
7117,83410,772365,7761774,88902962,Andrew,Thomas,ftucker@example.net,7793947763,Active
9798,24651,869966,4493194,56719551,Edward,Richardson,justin98@example.com,525.569.4639x1376,Inactive
7244,98567,317958,2448717,42630903,Tracy,Mitchell,racheljenkins@example.com,389-582-8535,Active
7368,92477,912900,5572184,78655672,Audrey,Lane,amanda38@example.net,770-497-4203,Active
4936,72179,367751,7690380,12054086,Tyler,Anderson,kellychristopher@example.net,+1-760-301-8416x2894,Inactive
9269,85312,915730,7376553,41199727,Thomas,Kim,kathleenmarks@example.com,383-553-7670x473,Inactive
3466,36407,310942,8307782,22131926,Jessica,Thomas,penaandrea@example.net,(875)201-7153,Inactive
7461,37074,676399,9305959,19094389,Christina,Farley,newtonerik@example.com,724-925-7542,Active
2382,93273,960850,8134661,57489057,Kelsey,Green,bradley09@example.org,4498001515,Active
4928,53723,200424,2388030,44931058,Kevin,Valdez,benitezjoshua@example.net,001-505-805-8293,Inactive
5794,74414,615369,1391249,62000196,Sean,Maynard,katiedavila@example.com,290-614-7733,Active
2881,82377,703757,7388458,56112371,Margaret,Aguilar,umarquez@example.net,+1-598-698-5414x96122,Inactive
1332,33617,185335,2490678,33443042,Stephen,Williams,heathersherman@example.net,(599)218-4736x613,Inactive
2557,94603,571555,6644725,75173916,Ronald,Hatfield,scottspencer@example.net,001-805-992-3036x219,Active
9666,44047,804363,6563508,98076615,Jennifer,Shaw,jessica36@example.com,(539)654-8251,Active
5410,31401,526880,2536372,47298482,Gabriel,Lin,grobinson@example.org,8619251327,Active
5620,75568,394933,5170642,68591862,Kevin,Shannon,lwiley@example.com,969-716-1934x55654,Active
4910,40457,693570,1435136,36649648,Brian,Moreno,cherylbrooks@example.org,281.825.9255x42487,Inactive
4239,34866,709856,7048832,94187999,Jessica,Martin,mejiaanthony@example.org,305.701.0404x0519,Active
8156,88133,594960,7320293,83794282,Sierra,Moss,angelawilliams@example.com,400-966-1628x925,Inactive
2214,16887,138918,8096676,39938625,Mario,Baker,michelle52@example.org,806-647-9374,Active
3950,46994,972868,1554351,68098057,Robert,Campbell,alexanderamy@example.net,487.898.9647x636,Active
8329,92382,181826,3224302,34301539,Kimberly,Thomas,natasha09@example.com,330-809-1767x96740,Active
8381,43147,151370,6045203,52375747,Adrian,Gutierrez,nathanfowler@example.net,(590)752-1029,Inactive
6984,29664,903295,4490106,68739207,Kimberly,Bishop,wtaylor@example.com,895-721-2743x7864,Active
5991,79429,728738,1580785,60946903,Stephanie,Cain,qsanchez@example.com,(242)332-7395x445,Active
1422,48540,226099,1871845,67149444,Catherine,Franco,mhays@example.com,459-440-4464x232,Active
7164,74428,355809,5411818,94079954,Derek,Wagner,uholland@example.com,001-272-521-3804x992,Active
1761,78457,451352,7385591,36330661,Amanda,Russell,psteele@example.com,001-468-426-5977x40279,Active
1343,69106,414648,7617126,46265254,Victor,Miller,kevinmartinez@example.org,(335)307-7510x78383,Inactive
6019,41384,188023,7809413,35902446,Austin,Pena,apugh@example.net,001-672-912-2389,Active
7321,82253,957121,1802654,20866207,Carly,Jones,ochoanoah@example.org,661.742.3307x1419,Active
4781,33122,219635,9207741,27840968,Nicholas,Shelton,emills@example.org,+1-364-282-7848x19147,Active
5802,35543,420988,1707863,68797179,John,Robinson,timothy75@example.org,692.424.9158x991,Inactive
8923,43492,516159,4837886,96380500,Johnathan,Taylor,rnunez@example.com,498-407-1458x8527,Inactive
6289,89069,882390,6885120,75006474,Melanie,Jennings,adamsherman@example.org,369.730.1984,Active
3195,81783,594639,4997161,64341828,Jason,Jones,brianmitchell@example.org,001-845-751-3019x393,Active
7006,27225,979439,7502877,93728719,Kenneth,Johnson,kristine64@example.net,(549)247-6391x300,Inactive
4518,36087,755488,1657276,41334541,Alicia,Solomon,staceymclean@example.com,001-401-305-4596x1970,Active
9491,64411,862593,8032728,10750265,Thomas,Everett,zgreen@example.org,(331)917-9366,Active
7978,72231,382549,3285864,76679840,Angela,Hawkins,mwells@example.com,(347)950-4869,Active
1725,48348,612040,4978802,59205450,Travis,Bender,knoxtracey@example.org,+1-469-560-8733x131,Active
5086,57837,934058,2134212,40690646,Heather,Meza,jmartinez@example.com,246-214-4996x01040,Inactive
6155,89322,486759,1084129,72728611,Kimberly,Turner,michaelwashington@example.net,001-491-872-1286x00575,Inactive
7327,12322,420978,3752379,99479134,Heather,Dixon,pamelacabrera@example.org,332.329.4451x65272,Active
1416,11477,405956,4014865,97710801,Eric,Bennett,scott93@example.net,666-744-1013x606,Active
3602,99974,362650,5581418,94967802,Travis,Banks,arianabishop@example.com,212-370-9749x24638,Inactive
1506,27519,870482,6588529,27866114,Kimberly,Burton,kimberlyfreeman@example.com,(357)696-8756x655,Active
7095,34867,924602,4778468,30909724,Michelle,Washington,sawyerconnie@example.net,(305)371-0541x546,Active
2690,52899,757376,7425062,33696347,Shelby,Hicks,agraham@example.net,206.772.1776x79934,Active
2963,87715,384216,8126684,41236150,Suzanne,Braun,zsmith@example.net,001-922-813-2530x348,Active
6768,72880,427733,2427592,92671910,Travis,Marshall,lisaaustin@example.net,229-652-7199x281,Inactive
1170,60967,561859,8538561,47754081,James,Duarte,christopher49@example.com,+1-318-387-7464x4669,Active
7184,87884,793458,8133419,57083379,Brooke,Lyons,tmorris@example.org,646.419.1936,Inactive
5204,75630,313621,4195927,52356167,Lauren,Kelly,tylerboyd@example.net,001-461-491-6368,Active
2040,23535,219154,9017683,23302134,Jacob,Roy,elizabethsoto@example.com,(618)981-8419x74958,Active
3484,42599,404358,6407811,99971127,Gina,Nichols,pgonzalez@example.com,(287)641-9255x9138,Active
8432,75868,965560,5487256,19886905,Richard,Davis,lewisalexander@example.com,2724387795,Active
4320,26842,170735,8531895,35164485,Kendra,Burnett,adam96@example.com,001-455-854-4138x0800,Inactive
7936,59313,387141,9630560,58629091,Robert,Reed,hernandezsandra@example.net,+1-596-635-3804x7389,Active
3060,61524,498692,1907629,56936967,Rebecca,Colon,smithalexandra@example.com,+1-864-249-8508x1793,Active
3572,29357,164570,1949984,82898248,Randy,Cummings,codymoss@example.com,588-568-6306,Active
5465,43812,561971,9429263,28896620,Jose,Shaw,campbellkelli@example.org,+1-277-747-7653x613,Active
6134,77125,874134,3167528,98460359,Ethan,Clark,joseph50@example.org,+1-630-275-8266x992,Active
7881,22079,554645,9877947,65518219,William,Small,kimberlybolton@example.com,844.717.7130,Inactive
7634,78011,184319,1287947,20715791,Brandi,Henry,simsheidi@example.net,497.674.6579x919,Inactive
9199,48192,589889,9417953,64522432,James,Miller,smithleah@example.net,(640)329-6661x319,Inactive
3310,20094,424125,3054896,40348259,Travis,Spears,acarter@example.net,(991)939-4889x494,Active
4160,97829,837569,1003704,38888432,Jennifer,Horn,ubryan@example.net,944.348.7281x107,Active
6595,21053,483999,5765614,88501564,Felicia,Thornton,tbranch@example.org,317.438.1818,Inactive
4404,43623,393246,4922915,75296869,Jodi,Hernandez,greenashley@example.net,601-783-1136,Inactive
9050,30369,681680,8175467,98646843,Jessica,Hines,lrichards@example.com,635-621-9693x121,Inactive
8864,34123,364027,6823140,31826639,Janice,Stone,deanvargas@example.net,(766)584-4771,Active
7658,90902,358540,7229533,45449750,Matthew,Young,ygibson@example.net,+1-508-511-6125,Inactive
3728,68697,200572,1238257,15738732,Cynthia,Page,rpacheco@example.net,+1-547-581-5853x354,Inactive
2327,12078,303049,1224944,59543483,Matthew,Santos,bradyjames@example.com,(628)395-6849,Inactive
6761,92744,701758,8511128,55669776,Colin,Schneider,juliephillips@example.com,874.762.2330,Active
8113,44546,860300,1833835,87782962,Ashley,Chapman,sheenarobinson@example.com,001-920-460-0491x9898,Active
6159,26775,310440,8574225,37048128,Brian,Miller,kimberly97@example.com,688.711.5743x4687,Inactive
6578,62833,400267,1638480,14444959,Jason,Russell,angel60@example.net,992-750-4368x2380,Active
5960,37665,981418,7988686,32783204,James,Rivera,jonathan44@example.net,001-909-910-7561x7035,Active
1834,68874,814946,2415063,86485895,Anthony,Silva,gary30@example.net,247.409.0949x9199,Active
3206,27295,601198,4113307,29813608,Chelsea,Avila,jaredgonzalez@example.net,001-732-523-8383x52523,Active
3855,58039,333419,6510027,50612555,Sarah,Williams,ohammond@example.org,360-292-5242x7937,Active
1536,90121,902969,3087888,57502784,Tyler,Mercer,brownjimmy@example.org,421.279.7130,Active
1351,43222,230111,7703659,98770813,Michael,Hayes,heidi98@example.org,+1-732-994-5161,Active
6994,57309,806368,5126236,85295509,Dalton,Parker,watkinsjustin@example.org,859.823.5147x18707,Inactive
4871,26089,233132,6944064,35898338,Victoria,Leonard,qgonzalez@example.net,001-537-860-5965x652,Inactive
6164,81531,868756,7738175,19843645,Jason,Reed,kim95@example.org,729-945-2945x9534,Active
4298,47972,997904,1572245,92930452,Sarah,Kaiser,gallowaydebbie@example.net,516.941.1804x4835,Active
3725,43161,883108,7337265,51671706,Joshua,Frost,robin26@example.org,569-562-1318x245,Inactive
2581,14404,102385,6730890,94539317,Jesse,Gill,fletcherchristopher@example.com,+1-835-372-9611x878,Inactive
2886,19083,528862,9876620,88450057,Andrea,Meyer,ytaylor@example.com,400.725.8042x4958,Inactive
5259,21047,102135,8324581,59114698,Steven,Ramirez,timothy23@example.org,579.617.1062x040,Active
3676,29457,409625,4307795,66786570,Scott,Brown,adam87@example.org,472-734-6823,Inactive
9723,52284,725216,6233782,83100451,James,Acosta,breeves@example.com,+1-370-766-2310x48769,Inactive
3665,65106,130240,5112205,44338839,Kristin,Nguyen,zjenkins@example.org,001-569-528-2900x6007,Active
7093,75281,150263,2726191,48662337,Jaclyn,Molina,davidjones@example.org,301-968-2163,Inactive
9040,52955,493845,4279288,59720652,George,Scott,burkemichael@example.com,555-357-8243x1236,Inactive
7181,34015,471976,6596742,78832759,Heather,Jefferson,fwoods@example.net,802-456-5293x820,Inactive
4405,77541,805930,9502653,20158014,Natalie,Flores,ellenwoods@example.com,464-586-4968x56446,Active
4958,65706,653309,1528616,34191334,April,Bowen,sheriaustin@example.org,+1-952-719-4623x9386,Active
1546,41089,443662,3286435,57912804,Luis,Diaz,pamelaluna@example.com,895.717.5931,Inactive
6667,99037,461927,8954754,68392324,Pamela,Oliver,glevine@example.net,(604)556-3007,Inactive
7738,45272,183965,6101075,92151039,Kimberly,Lopez,victorgomez@example.com,445-471-0053,Active
7940,81478,458425,9281167,71661813,Christopher,Kerr,jfarrell@example.org,2048228580,Inactive
1537,19683,473614,8788335,31023624,William,Snyder,yramirez@example.org,286.464.5297,Active
9892,63483,767721,5215164,34593524,Sarah,Knight,harrisonaaron@example.com,216-493-8460,Inactive
2332,29136,590081,5537840,46899594,Cory,Ramirez,yprice@example.com,+1-817-959-0997,Inactive
2955,61221,800957,4295768,81905072,Walter,Smith,huntedgar@example.com,908-585-7236,Active
4619,89070,338029,3762553,79086300,Jacob,French,lscott@example.com,526.292.2667,Inactive
2155,71398,962368,6170930,75566498,Amanda,Wallace,coopernichole@example.net,999.552.7810x416,Inactive
6464,19082,289806,9289269,17247317,Christopher,Chang,joshua56@example.net,(369)439-1077x3746,Inactive
7801,76645,266611,1709975,41449284,Eric,Olson,clarkgary@example.net,433-319-3120x1213,Inactive
1290,31266,238296,7235229,98471462,Emma,Willis,matthew21@example.net,(392)378-3980,Inactive
6983,95175,550027,1535441,24617412,Stephen,Richards,christopherhicks@example.com,001-464-506-4416x11711,Active
3967,28222,867879,8402436,39894415,Carlos,Wells,floresmichelle@example.org,001-431-538-6822x30300,Inactive
7120,89898,536815,9562047,33780317,Chelsea,White,stacey00@example.net,(488)368-5671,Active
9054,32815,827008,7806867,82787273,Jesse,Andrews,alexanderlatasha@example.org,431-497-7635x17819,Inactive
9580,66622,846171,4199378,97987112,Denise,Gibson,inixon@example.net,615.888.3057x70293,Inactive
4116,50389,333955,8493227,82363570,Michael,Diaz,tristanshaffer@example.net,5263446294,Active
1595,77452,221925,5768555,32178862,Eddie,Morris,tscott@example.org,255-676-2610x7251,Active
2421,34650,327344,5421622,84404339,Kristi,Martinez,bryanlewis@example.org,798.435.6276x9343,Inactive
9575,94453,292163,1041137,15832168,Deborah,Thompson,kboone@example.com,+1-921-273-1109x676,Inactive
7083,95247,439047,4020124,71915675,David,Bell,georgesilva@example.org,+1-238-786-7003x2324,Inactive
1172,77471,250713,3788684,90927714,Christine,Elliott,yjuarez@example.com,(866)756-3713x393,Active
5926,89934,901630,7203437,21142475,Amanda,Ritter,sarahvalencia@example.net,001-416-406-7033x02868,Active
5631,57572,314995,4582434,77586200,Megan,Adams,heather60@example.net,548.295.4978,Active
2399,93729,474258,5837749,95945552,Amanda,Richards,mollyherrera@example.net,(246)473-6517x793,Inactive
1851,70202,549969,4563727,66421256,Brian,Mitchell,mmelendez@example.org,976-211-2156x9747,Active
9920,91691,169759,2790338,67615990,Ryan,Castro,sbarnes@example.com,715-844-0660x3370,Active
6538,87052,443265,8495054,39989168,Gabriella,Greene,rodneysexton@example.net,256.575.7332,Inactive
6197,26769,516570,7102372,84494010,Tina,Barker,nallen@example.net,629.249.7395,Inactive
7205,76672,929419,6020503,96716902,Rachel,Johnson,probinson@example.net,3299163051,Inactive
9384,67256,790663,1935440,90115546,Crystal,Brown,jonathanchen@example.com,001-722-405-7345x7509,Inactive
4773,55714,494285,4765691,19355436,Christian,Williams,garrettwilliam@example.net,5242237195,Inactive
5963,19489,907671,8074455,72307992,Jill,Johnson,weberphillip@example.com,563-332-6117x76199,Inactive
5711,33465,474001,2416331,82247642,Ricky,Reyes,eschmitt@example.net,+1-664-948-4554,Active
2387,82607,966007,4756025,21999534,Timothy,Perez,odean@example.org,206-319-3207,Inactive
9644,79712,167220,2349805,98075021,Kimberly,Butler,chelseacook@example.org,677-988-4760,Active
8394,10656,555145,5022646,28814682,John,Alexander,tammy16@example.org,+1-814-620-5452x918,Active
6425,93791,474718,9250811,65888069,Edward,Mosley,fergusoncharlotte@example.org,444-673-4028,Active
9068,68373,660039,2683939,24885785,Lauren,Blankenship,brandigolden@example.net,948-341-2427,Inactive
9972,84887,459086,1879789,67573932,Matthew,Le,lclark@example.org,+1-387-942-3251x15087,Active
8152,75650,153731,3154888,40527035,Trevor,Jones,longshannon@example.com,+1-757-656-3563x03147,Inactive
6937,42505,897334,4029549,39803847,Briana,Campbell,charles77@example.net,001-579-484-9798x897,Active
9509,64955,654426,1029218,67840477,Charles,Moore,tuckerjoanne@example.com,977-873-9321x1395,Inactive
7763,36585,461260,5710147,77633588,Elizabeth,Allen,melindariddle@example.com,+1-298-469-4315x6437,Active
5031,50472,268015,4597390,53594708,Brian,Hawkins,wardtimothy@example.com,+1-915-517-8669x506,Active
5614,45517,186434,9167133,92594523,Rita,Dunn,mparrish@example.org,(959)418-3931,Inactive
9520,81039,660348,5872709,91117365,David,Stewart,garciathomas@example.net,692-299-8344,Inactive
7477,47899,848181,2331387,15186953,Jennifer,Allen,mclaughlinmichael@example.com,726-933-9822x276,Inactive
8192,48780,855072,4197645,80148060,Lance,Weber,david38@example.com,001-550-885-8560x639,Inactive
3795,76847,354033,2472020,22457148,Amanda,Alexander,qfisher@example.org,3125867898,Active
3267,30107,496437,9691480,88897842,Mackenzie,Smith,diana81@example.com,538.227.2912x95905,Active
7844,80048,967845,6373825,11011717,Caleb,Thomas,wagnerjohn@example.org,776-793-6882,Active
3710,99381,378643,7006859,60843250,Marie,Nichols,david83@example.org,(486)784-5690x6249,Active
4217,94765,714436,5460641,28460312,Tracy,Hurst,ashleycampbell@example.com,+1-517-895-6383x685,Active
3760,30677,412372,4103232,90138908,Maria,Smith,james53@example.com,(670)584-9450,Inactive
4894,64632,450062,8671917,61664034,Samantha,Monroe,jclark@example.net,668.883.8204,Active
2207,20964,979516,2705396,60616386,Janet,Ferguson,carrollsamantha@example.com,7782315983,Inactive
7530,25393,138412,2957483,62595041,Mary,Munoz,christinemontoya@example.net,230.282.2187x2992,Active
2613,53974,866714,9366072,76581954,Hayley,Clarke,ofrye@example.org,275-602-1437,Active
1838,93045,335118,9220721,91550735,Ian,Peterson,karen16@example.org,249-252-4864,Inactive
8705,15848,659454,8052134,35662699,Kimberly,Garrett,april10@example.net,001-767-811-8395x109,Inactive
2158,59612,357296,2368836,98953955,John,Stokes,shannon88@example.com,001-830-722-8944x6993,Active
7279,55429,578232,8454491,97589961,Angel,Donovan,benjaminwood@example.org,(916)925-5167,Active
2425,49721,751281,3192073,37554193,Rose,Perry,costacolin@example.com,001-269-883-6690x12060,Inactive
4279,91894,368324,8564105,92481247,John,Rhodes,tammy61@example.net,672-881-2518x8355,Inactive
8390,76704,407895,6516412,34214937,Erin,Lee,robertsbrian@example.com,001-975-628-0601x5206,Active
2003,36009,546289,9793068,81511749,Alicia,Foster,zachary97@example.org,(374)300-9867,Active
8136,35060,224746,1924294,18402815,Anthony,Miller,shirleyanderson@example.com,248-363-8022,Inactive
7989,39502,162783,1367576,20050845,Joseph,Carroll,coxpatrick@example.com,+1-468-596-4610x555,Inactive
1253,63586,172351,3795045,67909347,Monica,Mccann,henry15@example.org,9418352321,Active
4334,77205,647184,6692598,69352956,Jason,Vargas,martinezamy@example.org,001-608-859-1853x0372,Active
3042,14127,116263,7817561,43064568,Brianna,Schroeder,shafferricardo@example.net,+1-339-666-1512x27717,Active
5109,14797,462771,7306087,61474510,Colleen,Cooper,kellierodriguez@example.net,8445573459,Inactive
5740,17305,201585,7706728,64662037,Danielle,Grimes,saundersamy@example.net,490.673.5677,Inactive
3929,63388,374229,5099351,73145730,Steven,Barton,emilycrawford@example.com,+1-253-606-1388x4088,Inactive
8639,24225,146021,8781008,14978522,William,Smith,jacobsonjamie@example.net,377-412-9495,Active
9122,24314,659794,1138544,89564355,Shirley,Tucker,bradley34@example.com,001-330-510-3249x545,Inactive
9257,80248,189983,6091906,19784329,Kathryn,Griffith,joel48@example.com,+1-980-397-6983x3524,Active
4649,93292,866274,3824483,87055517,Kenneth,Stevens,robinsondavid@example.org,(980)210-5048x37624,Active
8808,92268,123697,7130513,56355409,Robert,Smith,adam40@example.org,(275)624-9332,Inactive
8819,75364,122957,1799872,16963682,Kimberly,King,ecampbell@example.org,001-822-951-4936x646,Active
7755,64381,215481,7241605,39665062,Anthony,Hunter,gomezjoel@example.net,(346)513-6711x231,Inactive
3659,16857,246916,2887927,63588133,Joshua,Campbell,matthewadams@example.net,9617218156,Inactive
6813,60905,680905,5632298,25945220,Mary,Cruz,mcdonaldanthony@example.net,(810)451-4279x3655,Inactive
9232,41779,639628,6685548,48137276,David,Richards,neil96@example.com,751.722.8789x1549,Active
6109,58775,969027,4077407,53075399,Timothy,Morales,bsnow@example.com,278-574-1656,Inactive
3176,80798,767000,5145423,95150654,Courtney,Swanson,nryan@example.net,9532479427,Inactive
8707,17298,788446,7489836,54272452,Troy,Dominguez,michelle41@example.com,664-626-4081x369,Inactive
9743,79582,181088,7834373,44880654,Richard,Thompson,tonyayoung@example.org,341-818-3556x28929,Active
7084,98513,684935,7136775,16026996,Pamela,Gibbs,james88@example.net,247-455-3465x45906,Inactive
3886,17433,270344,4867520,59793820,Kerry,Moore,lisapeterson@example.com,(970)791-6058,Active
4309,26282,676469,6291252,64880093,Kathy,Jones,ichristensen@example.com,681-586-3034,Active
4706,70246,738471,8125415,92957772,Jeremy,Ruiz,luissanchez@example.org,291.499.5576,Active
3643,45084,717605,1819682,48609873,Thomas,Irwin,xmoore@example.org,(990)813-2935x1645,Inactive
6964,76796,153064,3966139,87733755,David,Compton,thomas43@example.net,001-582-390-7866x1844,Active
8520,70371,774892,8308385,75218704,Matthew,Rose,bbrady@example.com,280.861.5319x579,Inactive
1588,37262,636131,5263435,11623673,John,Campbell,heatherreynolds@example.com,396-597-8887x556,Active
5340,46267,685937,1946734,44885103,Stephanie,Hicks,scott96@example.com,001-308-936-2967x2083,Active
5340,10446,447240,3770442,53211001,Ellen,White,swilliams@example.net,3532342336,Active
7249,20006,229973,3583190,72526642,Roberto,Rios,tburgess@example.com,531.436.2688x31243,Inactive
9329,88147,765204,6487714,91403831,Chase,Hill,awarner@example.com,522-720-4304,Inactive
6349,64049,990715,2146500,15594258,Darren,Patel,wilsonsusan@example.org,+1-430-735-5931x29763,Active
2183,53375,155959,8742698,42660428,Lisa,Ryan,martindana@example.com,313.273.9920,Inactive
1353,50910,296670,6011553,16611664,Christine,Miller,derrickberry@example.org,2028826973,Inactive
2065,39811,475108,4984887,49833717,Michael,Saunders,danieljordan@example.com,447-687-0206x214,Active
2648,61315,979680,1389581,22085625,Lauren,Rollins,griffinhenry@example.com,489.236.4991x1232,Active
6959,26079,913626,8607246,77049502,John,Curry,wernerjoshua@example.com,001-327-964-6856x55376,Inactive
7070,20869,673453,6874519,55833586,Bridget,Barker,rangeljeremy@example.org,702.983.1020x93279,Inactive
8424,56326,701795,8319958,42411305,Joseph,King,dawsonmatthew@example.net,445.616.5157x774,Active
7290,43419,186840,2949048,17307715,Thomas,Weber,tcole@example.net,489-820-0600x590,Active
2200,84596,792196,8520618,33607463,Russell,Howard,rmoreno@example.com,+1-891-483-9165x00955,Inactive
6520,48229,481891,1324752,18399202,Cynthia,Finley,xwatson@example.net,847.637.6480,Active
4615,97138,177922,2370172,14287913,Eric,Ball,jamie10@example.com,539.256.8188,Inactive
9564,81478,409537,5882935,71484398,Brandon,Rose,marilyn69@example.com,680-616-9611x84870,Active
6601,82531,459895,8270820,83492617,Samantha,Watkins,murrayaaron@example.org,695-570-2354,Inactive
3774,89782,798590,1544741,33327272,Jeffrey,Koch,griffithcourtney@example.net,621-696-4517x4363,Inactive
4126,23986,417086,8896586,41534869,Deborah,Khan,fergusoncynthia@example.com,233-923-1121x737,Inactive
5141,29946,180412,3597849,15746851,Diana,Brooks,david51@example.org,+1-949-584-2347x985,Active
6365,95382,818315,3451741,42870734,Scott,Morgan,justincarter@example.com,469-304-0891,Inactive
9045,43410,337381,9798240,39361180,Matthew,Bennett,teresa27@example.org,935.871.0578x89363,Active
7275,28571,348642,5571838,66676597,Gregory,Cooper,aprilsosa@example.net,398-341-3308,Inactive
2331,63327,464912,6905309,25076623,Elizabeth,Vega,jamiediaz@example.net,(888)859-3546,Active
3134,25403,375377,3892733,69828293,Ryan,Moore,smithstephen@example.org,+1-844-794-3557x8909,Inactive
7440,23872,593796,3340741,28591191,Douglas,Hobbs,ohoffman@example.com,279.462.0981x904,Inactive
7962,80366,340013,7231330,99417824,Amy,Waters,ann42@example.com,+1-698-960-3378,Inactive
1042,96427,308017,2532438,63505034,Kyle,Walker,brownrobert@example.net,4799526752,Active
9419,30347,138237,7608340,44557259,David,Thomas,angelapoole@example.net,683.380.7065x4957,Active
5300,76984,946793,7457800,94793548,Caitlyn,Marks,raymondcharles@example.org,001-381-436-3543x34489,Active
5974,49235,656800,4066093,60853458,Erin,Miller,margaretjones@example.org,902-676-2147x9340,Active
2478,42515,573267,4990041,85812648,Frank,Carroll,dholt@example.org,9267187129,Active
3799,64971,603762,1879436,68191346,Greg,Berry,fgray@example.net,(242)344-3577x051,Inactive
5573,66797,191845,6181592,25854704,Tyler,Vazquez,johnny12@example.net,+1-786-411-5479x2785,Active
4776,31325,318152,4238802,12682701,Natalie,Morris,tgray@example.net,001-884-553-6997x9002,Active
6044,16534,365109,2612825,26836297,Rachel,Maldonado,tbarrett@example.net,632.522.7323x176,Inactive
2334,62421,820836,8723477,15803037,Joshua,Carrillo,grimesjames@example.org,(696)635-8442x938,Inactive
8004,47698,537118,2566865,48989548,Amy,Thomas,james91@example.org,261.659.6142,Active
7132,16587,307478,2709965,39355292,Luis,Woods,tammydennis@example.com,583.884.8299,Inactive
1321,67447,667526,4314807,98944484,Sherry,Anderson,jamesacosta@example.net,5897440717,Active
5109,77497,674876,3956052,33989307,Amber,Logan,pwolf@example.org,(978)600-1366x8204,Inactive
8890,42108,263781,9496237,68417694,Kevin,Richard,perezchristopher@example.org,001-272-482-7208x5968,Active
4776,52508,639690,3809959,13158562,Crystal,Khan,shelly06@example.com,001-457-580-5254x4330,Inactive
9885,87086,912913,1273858,76738524,Anne,Harvey,julia00@example.net,246.511.2031x7160,Inactive
5975,49774,200700,6284296,49418683,Scott,Mahoney,millerkrystal@example.org,594-549-2403,Inactive
8234,97693,239168,7997588,10816476,Christina,Fisher,kyle29@example.com,9163834245,Inactive
4006,39865,303346,6248249,46881006,Jeffrey,May,bryan49@example.com,(907)494-1992,Inactive
6059,37842,543955,6146121,77937335,James,Carpenter,palmeramber@example.com,(755)955-5141,Active
7285,42571,740095,9470671,91247265,Laura,Davis,geraldmccann@example.net,999-630-9839x34648,Inactive
5373,32664,942153,9689361,10419330,Lori,Huber,james90@example.net,001-546-241-1653x237,Inactive
4922,10196,564515,7508054,42005022,Danny,Hunter,ruizjacob@example.com,749.358.4179x292,Active
9564,90360,962107,6753064,46509700,Donna,Howard,caseyyoung@example.org,001-339-361-3564x951,Inactive
1567,71067,586659,1368789,57728548,Vanessa,Martinez,joshuamorris@example.org,001-823-629-5729x66173,Active
2958,71757,211361,3169974,50463410,Daniel,Brown,leetodd@example.net,718-702-3861,Inactive
5127,39130,816418,3165293,49359110,Stacey,Johnson,ronald59@example.net,(931)967-8295x4436,Inactive
7641,21268,351870,4885364,39954930,Nicholas,Lang,ingramjonathan@example.com,(223)314-5227x347,Inactive
1799,91950,261282,2335849,48584417,Brittany,Morales,richardbranch@example.com,(352)548-3481x377,Inactive
2750,79537,181030,7362990,33716964,David,Mercer,fullerdarlene@example.com,001-436-753-5536x2639,Active
5110,20715,469005,2970439,79421320,Heather,Shepherd,thomasflores@example.net,(254)765-7576x85789,Active
3666,39366,784121,9430767,60564378,Robert,Smith,ppayne@example.net,205.781.1330x02839,Inactive
6825,23077,492917,9021829,87578979,Erika,Cohen,dianahicks@example.net,5248823638,Active
3156,51374,515737,8376538,99043598,Amy,Wheeler,bbrown@example.com,515-628-8601,Active
5980,70017,440775,6851256,72201734,Michael,Watson,lozanoangela@example.org,001-384-835-1480x3731,Inactive
3561,17704,368741,7553671,48240199,Bill,Carrillo,morgankennedy@example.net,001-725-608-3362x26779,Active
7960,87959,679990,2226557,35416685,Jennifer,Lutz,aprilruiz@example.com,+1-918-292-4695x04871,Active
7410,29976,647696,8786784,84419446,Adam,Olson,melissa43@example.com,001-472-898-1038x12802,Active
9249,19627,599433,9033727,86954078,Garrett,Walton,mike88@example.net,(946)305-4272x39037,Active
4031,82461,920567,5804362,74117123,Carl,Johnston,mcintoshmelissa@example.net,001-269-617-2331x30745,Inactive
1683,62580,385186,6493471,90200913,Jessica,Moore,xrichardson@example.com,7418072501,Active
5927,81210,153679,8202919,64220019,Katie,Ritter,joseph15@example.com,309-423-2690,Inactive
7331,30387,602316,5884975,56951553,Courtney,Cook,amccall@example.net,(423)435-6687x12957,Inactive
2261,92297,910772,6181282,75499451,Jason,Dawson,uhughes@example.net,(415)919-4410x772,Inactive
2015,19464,557446,1359522,71226614,Julie,Hoover,tonyarodriguez@example.net,5725786084,Active
7765,21195,282494,4427232,38426550,James,Martinez,aaronmay@example.org,(527)687-8254,Inactive
6105,21748,578172,1672582,50724690,Lindsey,Ali,yvettebailey@example.com,6256838174,Inactive
9469,83303,277735,4071957,63006685,Anthony,Gonzalez,robertharrington@example.com,9735599827,Active
7757,35366,270154,7986775,92905016,Marcus,Holmes,aliciasmith@example.org,+1-455-525-9538x971,Active
2108,87806,265954,1153603,58709818,Valerie,Anderson,tinaochoa@example.org,(765)261-1124,Inactive
4018,92696,924145,7779533,20341813,John,Holloway,peter15@example.com,636.562.3368,Inactive
2540,65300,190877,2142879,90869547,Pamela,Porter,powelllisa@example.org,+1-859-824-0427,Active
6487,35263,201079,5700510,73466699,Brandon,Copeland,craig17@example.com,288-782-1362,Inactive
8505,94232,860832,2015426,23295386,Edward,Smith,perezdawn@example.org,230.572.5300x898,Inactive
7610,12689,558052,2587663,35769515,Michelle,Hall,heathersanchez@example.net,(535)388-9303,Active
4501,57390,384648,3983083,68694143,Mitchell,Saunders,barbara25@example.org,798-410-9383x5044,Active
5563,51015,788591,2395430,66779961,Jared,Smith,icunningham@example.org,555-600-7829x688,Inactive
3706,90588,247233,8734408,42504085,Joshua,Martinez,kimmatthew@example.net,425.633.9855x11261,Inactive
3256,12854,853369,8300926,55935089,Jose,Taylor,anthonyjared@example.org,564-424-5913,Inactive
8754,50002,214196,1130641,38024796,Danielle,Hall,wjones@example.com,+1-246-672-3921,Active
1275,88882,476942,9547173,26984795,Amy,Tyler,mcclainfrank@example.com,+1-869-218-0839x2086,Active
1804,68519,939376,5920949,81679703,Shawn,Camacho,elizabethmartinez@example.com,395-539-5388x2333,Inactive
9058,24294,786349,7877942,98394504,Claire,Glenn,knighterica@example.org,305.462.3390,Active
2683,64075,739610,4146630,51874644,Anthony,Cabrera,sturner@example.net,(227)419-1844,Active
2223,60801,731252,4186781,34290608,Aaron,Young,erika46@example.com,647.959.2279,Active
4303,24289,305741,7096432,36527350,Jennifer,Mcclure,adavis@example.org,001-696-536-0571x70148,Active
6876,30560,495174,4976375,67394692,Matthew,Myers,jamie38@example.com,480-610-0647,Active
3903,73401,496935,7113610,50590971,Jose,Riley,vriggs@example.net,390.567.6880x00332,Inactive
4743,72768,765721,7728432,74989668,James,Price,christina27@example.com,001-860-269-0959x3387,Active
1802,65712,258351,4713885,60437030,Alexandra,Gomez,dcamacho@example.org,001-541-714-5757x77672,Active
4253,49733,578851,6368547,52825732,Sean,Webb,xhall@example.com,468.921.1922x45557,Inactive
7348,69745,167361,7677092,79581969,Felicia,Mullins,ashley22@example.org,001-264-924-3412,Inactive
9960,62579,279707,4501535,54719098,Christina,Everett,mary30@example.com,249-362-7267x62425,Inactive
5184,47297,767053,4153382,90640902,Franklin,Banks,qrhodes@example.org,5198876295,Active
6075,79559,687739,6830568,72748561,Gary,Hawkins,jessicabishop@example.com,001-769-289-5151,Inactive
6360,31867,292834,2003438,17685583,Robert,Good,wzamora@example.org,5517944710,Active
7132,93872,284792,5139194,97763253,Pamela,Rivera,michellehoward@example.org,4177098671,Inactive
5959,64645,492651,2602074,99372231,Rebecca,Johnson,hartmankelly@example.org,+1-937-889-2916x089,Active
9250,21303,718345,7558555,16851906,Lee,Anderson,porterthomas@example.org,+1-233-772-3503x952,Inactive
6810,84476,108433,9370410,93011000,Heather,Roberts,carsonrichard@example.org,856-750-5882,Active
3366,77408,941498,4782145,54131137,David,Robinson,ericsweeney@example.com,+1-582-654-3911x9458,Inactive
8692,36161,494453,1413292,36913156,Michael,Martin,debra03@example.com,846.831.1388,Inactive
8942,93433,274456,1858143,93611515,Patricia,Andrews,berrypaul@example.com,(421)587-9813,Inactive
5740,78385,761726,2224424,67269439,Aaron,Arias,browndylan@example.org,4228961162,Active
9937,42081,500195,6571032,83206710,Christopher,Griffin,holmeskathryn@example.net,511-203-0823,Inactive
9016,43123,924220,8230865,57818209,Seth,Owen,nataliearmstrong@example.org,(615)496-7598,Active
1557,46997,727526,3013564,25954828,Stephanie,Walker,hector58@example.org,(375)812-6639x599,Active
4780,54464,117596,2632112,91867100,Jordan,Welch,lopezamy@example.com,001-548-846-4555x5234,Active
4425,31588,136731,2619621,31306539,Morgan,Miller,jason44@example.com,+1-506-646-2139x0229,Inactive
8262,51200,904044,5465948,56289854,Albert,English,justinholloway@example.com,+1-688-887-2357,Inactive
8538,36956,148544,6159758,16532743,Eric,Thompson,dylan51@example.net,(749)828-7008x042,Active
1129,92045,499933,4771849,19201302,Brandon,Harris,katie51@example.org,(674)236-9032x919,Inactive
3556,71811,113553,4720405,53206239,Cheryl,Nichols,christinedelacruz@example.com,641-320-5118,Inactive
4196,76529,750608,8558129,17660717,Jesus,Martin,meghanwalker@example.net,+1-933-929-6304x051,Inactive
8772,99724,141930,9978936,42058099,Brendan,Lopez,danascott@example.org,+1-224-493-1644x17316,Inactive
9299,80512,257347,9471148,67656789,Mary,Ortiz,lisagreen@example.com,594-834-4153,Inactive
7925,97893,418129,1292470,61449521,David,Long,jonathan60@example.com,241-359-4038,Active
5000,12887,318914,3158964,32366666,Ricky,Reeves,awerner@example.com,+1-705-723-0592,Inactive
9939,90150,904250,5007475,39966985,Amanda,Harper,jeffrey29@example.org,700-941-3532x613,Active
3773,52338,179733,9414474,52505742,Garrett,Thomas,arose@example.com,808.836.5626x41363,Active
2366,14993,530373,5969543,50235706,Andrea,Parker,vtaylor@example.org,(411)978-3824,Inactive
2377,10070,845156,4902622,85817941,Michael,Morris,emcfarland@example.com,221.568.5546x0261,Inactive
5940,89028,304389,8690389,53282454,Debra,Bailey,brookewilliams@example.org,437-968-6234x9519,Inactive
8254,16778,489259,6049686,29007690,Kelly,Arnold,villanuevajasmine@example.net,801.909.8621,Inactive
2029,73780,774245,6109247,59343632,Pamela,Wright,jordanbrown@example.net,319-279-8641,Inactive
8398,80545,378632,4836396,67561239,Katherine,Gonzalez,gallagherdavid@example.org,511-232-6347x806,Inactive
9923,55438,474528,2166899,66868285,Ashley,Martinez,johnlane@example.net,678-348-7504x970,Inactive
2179,59497,422461,2809663,98278823,Lucas,Newton,zimmermananthony@example.com,7938736430,Inactive
6182,85285,107389,1662200,29853475,Patrick,Norman,floresmary@example.net,(850)406-1188x69870,Active
6077,13513,274985,4658464,86829470,Christina,Moore,smithwesley@example.com,001-665-242-3076x365,Active
6255,65450,582554,6772062,93355910,Annette,Nelson,stanleyashley@example.org,351.876.9869,Active
8168,48685,805140,7443633,17485015,Alec,Clayton,ashleydavis@example.net,204-838-2346x596,Inactive
3980,75660,477779,5828030,66050030,Alexander,Moore,aprilwade@example.net,307.668.4693x909,Inactive
9647,80843,861517,5798573,64941065,Beverly,Hernandez,uramos@example.com,319-788-0519x0877,Inactive
1137,14250,481699,3567764,26874604,Juan,Powell,robinsonzachary@example.org,8158982147,Inactive
1578,44053,347985,4389397,63158238,Tiffany,Mathews,kelsey03@example.net,(853)951-4984x0285,Inactive
7542,62370,125624,2402084,80378980,Justin,Russell,christine92@example.com,+1-487-256-8822,Active
1125,18093,738690,8027699,66637788,Sara,Torres,adamhooper@example.com,001-573-907-2893x39016,Inactive
8307,50992,923020,4498751,54039705,Zachary,Marquez,william43@example.org,876.280.3113,Inactive
8095,72294,943207,4795573,90982934,Peter,Griffin,kristiprice@example.net,429.231.5136,Inactive
8825,52026,419672,4904512,51267999,Dennis,Raymond,velasquezdanielle@example.org,777-503-7160x7262,Inactive
8827,44099,392571,7457023,50209339,Frank,Murphy,pereztanner@example.com,809.720.2219,Active
3573,18039,952392,5274801,36629382,Kimberly,Brooks,tyronesmith@example.com,(865)696-9110,Inactive
6130,11862,363360,8403125,59724395,Kristin,Schmidt,john90@example.com,001-590-548-2798x527,Inactive
7555,20247,747066,3933158,28944694,Robert,Matthews,mlowe@example.net,(953)806-3277x449,Inactive
9825,61111,992879,7244232,79522102,Richard,Brooks,tmann@example.com,548-252-0782x26351,Inactive
3366,76058,996411,5209029,88729759,Taylor,Dunn,gloriamatthews@example.net,001-323-997-1609,Active
5653,62355,722548,8569112,51110421,John,Simmons,smithkristina@example.org,+1-633-217-7004x098,Inactive
6821,59712,219117,3413760,91817366,Bethany,Roy,brooksjustin@example.org,987-425-1432,Inactive
6312,54567,968990,8824713,14608899,William,Snyder,patrickbean@example.org,001-532-578-2889x35989,Inactive
4256,96903,951958,1032415,29460275,Lori,Whitehead,faguilar@example.net,(333)233-2857,Inactive
6920,98157,768906,6460675,80953339,Ryan,Jefferson,qwilson@example.com,516-522-5788x44493,Inactive
6082,19946,500454,1266806,40639914,Michael,Crawford,xjohnson@example.net,001-701-740-6893x656,Active
2446,31002,225988,4604618,11301203,Patrick,Johnson,bbrown@example.net,6542034022,Inactive
7535,30448,694268,3248497,62126118,Veronica,Lucas,calvinbridges@example.com,8715338587,Inactive
5292,36446,793903,6894346,44224377,Angela,Frazier,jacobmurphy@example.net,(972)618-3597x12810,Active
5176,44124,754290,1281246,61282476,Christopher,Banks,luis38@example.net,(905)584-1947x485,Active
4475,86986,276054,6709475,32567355,Jennifer,Livingston,melissabowman@example.org,(427)498-0033x29652,Active
4423,77706,870972,9568802,70102252,Kayla,Perkins,shari52@example.org,207.930.8422x7917,Active
9755,72903,470101,1504825,62645745,Craig,Lewis,kevinward@example.net,001-927-974-1277x9577,Inactive
3323,13228,910684,9985273,25559469,Andrea,Webster,adouglas@example.com,327.299.9892,Inactive
4444,83425,875570,1325788,41054530,Nicole,Garrett,patricia26@example.org,978-562-3050,Active
1253,14251,553930,9762944,55037372,Samuel,Boyd,perezdenise@example.net,563-754-9726x9325,Active
5326,94868,304742,8065864,83232037,Jason,Ramirez,sheri69@example.net,+1-226-661-4420,Inactive
1485,80223,261379,2901314,45609840,Debra,Porter,tsingleton@example.com,293.303.5907,Inactive
1258,27679,525969,1598347,75203719,Amy,Garcia,zchan@example.org,775.979.1441x2892,Inactive
2369,32415,670125,8292742,66159300,Paul,Williams,mbailey@example.com,+1-715-957-3286x51588,Active
3239,78682,361708,1809077,74205552,Leslie,Perez,billypeterson@example.net,+1-411-958-3275x226,Inactive
7245,59899,308223,9030948,97967968,Jenna,Nash,figueroaandrea@example.org,749-848-2099x53543,Active
9875,53396,180869,1746540,71730165,Carlos,Oconnor,thomasgarcia@example.net,574.734.8682,Inactive
6765,70174,848139,8091947,14679006,Raymond,Waters,sharris@example.org,(409)665-1920,Active
9807,25507,770718,7928968,59619611,Zachary,White,johnsontracey@example.net,(474)955-5716x7782,Active
3704,40890,981956,5552105,22548976,Walter,Santos,barbara02@example.com,001-261-556-4221x212,Active
8923,37836,174038,5041539,64462032,Matthew,Love,kwright@example.net,(636)398-3044,Active
1035,63419,956205,9711507,86322025,Philip,Lester,tiffany18@example.com,+1-666-294-5580x199,Active
6754,39624,664595,3788496,15963478,Jeremy,Ruiz,andersonmatthew@example.org,(676)637-5932,Active
2335,65364,902665,4428871,18872703,Jonathan,Fisher,ndyer@example.com,(366)724-4012,Active
2198,16163,850074,8855634,34660911,Kari,Smith,velazqueznicole@example.com,001-262-231-3356x7392,Active
1285,96706,626942,9736971,38885328,Lauren,Smith,melaniebaker@example.com,(463)959-4863x324,Active
1888,30714,543664,3844767,60518861,Richard,Parsons,nicholascarpenter@example.org,+1-361-778-3951x297,Inactive
9432,83753,812265,6538139,53633986,Justin,Turner,danielle08@example.net,001-712-478-6755x5343,Inactive
7414,53056,230253,2608323,58997028,Chad,Espinoza,braysteve@example.org,9377938106,Active
8465,63745,163692,3037708,47009830,Catherine,Mendez,obrewer@example.net,488-501-2272x03178,Inactive
8670,60843,100686,6712037,32445401,Dustin,Myers,joy39@example.com,001-879-432-0817x927,Active
3099,61638,806577,7464475,46188107,Joshua,Rose,petersonangela@example.org,(463)302-3518,Inactive
5256,93718,892331,2081312,12267992,Jessica,Hall,mary76@example.com,001-579-233-6297x98161,Active
7021,77093,580767,6938744,75993031,Alejandra,Garcia,englishamber@example.com,920-861-4534,Active
5373,46748,138110,4343774,77785992,Danny,Johnson,nmartin@example.net,001-971-966-3236x93242,Inactive
2226,19366,894809,9699640,34031876,Marie,French,devin04@example.org,+1-804-261-9858,Active
7630,90365,663191,1799695,18259141,Michelle,Davidson,phillipskerri@example.net,+1-704-302-4184x09182,Inactive
8451,44288,126126,2838125,67482488,Angela,Clark,tthomas@example.com,626.338.6518,Inactive
9105,93612,678534,9084414,78087773,Victoria,Myers,huntmatthew@example.org,524.928.5395x373,Inactive
1652,71353,456092,9830913,25764298,Robin,Gilbert,jose92@example.org,685.266.9744,Active
6659,73765,624461,4776859,11433474,Kenneth,Thomas,ashley45@example.org,(311)995-3825x8096,Active
5165,85344,118851,7825364,11314264,Richard,Stuart,tstewart@example.org,597.923.4517x2998,Active
3648,12024,973551,6732615,50068762,Brandi,Ray,markoneal@example.com,+1-969-965-9028x33203,Active
1512,33025,643403,5826709,81791817,David,Melton,elizabethgaines@example.net,001-227-595-7134x48845,Inactive
4785,88290,998160,6357357,17245167,Alicia,Morales,stephen85@example.com,935-525-7125,Active
1119,76795,922879,8573295,10518418,Jessica,Jordan,derrickwalker@example.com,+1-202-751-6351x326,Inactive
1220,76523,998665,7041210,52700318,Diana,Walker,riggsrandy@example.org,902-524-0127x9161,Active
1052,30128,713943,4942145,25431309,James,Parker,ashley59@example.org,(905)596-8465,Active
8672,38106,649619,9090640,84537671,Jennifer,Perry,kimberlyevans@example.org,001-622-491-1659,Inactive
1503,36975,612217,9145346,74685679,Cynthia,Bolton,herreragregory@example.org,512-856-2780,Inactive
5955,68794,486162,5483760,23207340,Erin,Swanson,gregoryjohn@example.net,+1-861-605-1650x7070,Active
8069,41929,171095,2437650,11521973,Spencer,Beck,petersenmatthew@example.org,9277303654,Active
7318,90642,551629,2864350,78110997,Colton,Lyons,robinwarner@example.org,(756)418-5048,Inactive
3822,47106,793684,3632199,31049977,Olivia,Parks,sstanley@example.com,+1-802-828-4884x9970,Active
3809,12603,257711,1130584,42534017,William,Walsh,dhampton@example.org,+1-899-829-5057x61725,Active
8068,55421,827108,1180741,91032200,Katrina,Williams,georgemcbride@example.net,593-794-2199x42730,Active
4652,63182,939907,3898210,10065596,Molly,Hart,lisa54@example.org,+1-635-778-6725x5000,Inactive
9522,57731,156115,3433885,42825794,Kristen,Allison,aaron11@example.net,709-249-5845x35140,Active
6398,16436,216227,3121493,84425152,Patrick,Brown,rebeccagarrett@example.com,+1-983-617-2530x1392,Active
9360,61712,378514,2562999,51887576,Brittany,Davis,michael86@example.org,984.888.6735,Inactive
6325,10918,370709,1678957,16259549,Melanie,Collins,juan16@example.net,891.882.4153x61228,Inactive
6129,69459,663333,2481290,34490366,Michael,Ellis,jenniferhicks@example.net,(728)961-6877,Inactive
5049,70039,749681,1839372,73471224,Jeffery,Weeks,vchapman@example.net,+1-519-450-0673x801,Active
7473,61175,463634,1380817,71855414,Stephanie,Barton,carl60@example.net,2857366415,Active
7097,41446,389614,5465432,75426739,Olivia,Kirby,aprilparker@example.org,001-677-604-5205x594,Active
8870,86708,799696,4920437,57295531,Anthony,Finley,austinduke@example.com,(238)566-9556x7992,Inactive
8443,19501,638976,6056018,60740629,Sharon,Strickland,dunnkimberly@example.net,001-365-337-3252x111,Active
5196,73746,725341,9859075,69170685,Daniel,King,garnerpatricia@example.org,+1-812-385-1500x19840,Inactive
2258,47924,672681,8042393,80586510,Sarah,Schneider,jeffrey56@example.net,+1-580-907-5567x055,Inactive
9971,55091,751759,3178399,43602723,Stephanie,Ellis,christopher23@example.net,877-793-6242,Inactive
1950,24197,650525,5689858,36314076,Melanie,Patterson,laurastout@example.org,3208637584,Active
9207,13083,765749,6807524,55117849,Kristen,Underwood,linda28@example.org,001-623-287-2557x7089,Active
8561,12175,949108,7697967,26379205,Darlene,Foster,fjames@example.com,(778)275-4987x4425,Inactive
4809,92917,925554,7368445,55845318,Barbara,Barajas,zhale@example.org,314-467-4810,Inactive
7248,45301,440987,1800390,56331890,Eric,Lowe,laneann@example.org,204-646-9597x99576,Active
4930,17221,812804,1214845,28463846,Aaron,Maldonado,jacquelinethomas@example.org,470-608-9891,Inactive
9310,77743,206019,3746678,18027669,Toni,Mueller,gsmith@example.org,537-522-8003x2142,Active
2242,64895,939667,8726688,66624732,Kayla,Mcgee,staceygray@example.com,228-363-1698x76096,Active
7551,47795,261443,1926430,60714750,Lori,Fisher,rosekristen@example.org,950.236.2583x326,Inactive
8246,32680,551060,8040496,97911786,Jason,Wheeler,mooredonald@example.com,(805)502-1998x931,Active
9110,50143,338783,3143151,68326099,Sarah,Stark,brentburgess@example.net,6434554547,Active
6299,45505,293828,1035553,43873460,Mark,Taylor,paul48@example.net,283.300.8682x57968,Active
7864,98720,835991,7198440,17151703,Jade,Woods,michelle13@example.org,(593)974-3533x98909,Active
7116,98339,952651,8540884,27052834,Tammy,Nelson,tmorgan@example.org,9717774057,Active
6334,44582,156969,9102586,72924006,Timothy,Chavez,marymyers@example.org,(822)487-3734,Inactive
5040,21288,887396,3473617,34946336,Joe,Williams,katherine89@example.org,+1-203-567-3525x92134,Inactive
5740,54446,234958,6744512,98683053,Joseph,Foster,annabartlett@example.com,311.733.3760x779,Inactive
9160,30245,789596,4127544,29908212,Samuel,Lawrence,carolpalmer@example.com,239-487-2773x6338,Active
5320,40907,869914,8008440,94111287,Deanna,Joyce,jessicalee@example.net,(842)409-7222,Active
5830,62150,795843,2620963,48029232,Wendy,Mills,markchen@example.com,591-524-8675x7583,Inactive
9477,94243,431061,6123912,98374224,Lisa,Johnson,brian74@example.net,855.215.2893x420,Active
5970,78552,406527,8642069,37001709,Bradley,Gonzalez,rachelhester@example.org,564.810.6522,Inactive
3716,71594,156291,6288065,88582954,Henry,Sandoval,smithmatthew@example.net,+1-948-715-8068x30302,Active
3684,51231,881171,7413166,97219312,Nathan,Mcgee,yosborne@example.net,844.813.9821,Inactive
5114,27396,503133,8059260,25727387,Gina,Bishop,ulang@example.com,878.859.6400,Inactive
9230,19899,346191,4909892,63270743,Matthew,Rivera,gfranco@example.net,418.859.1159,Inactive
2659,99730,825469,2529050,74700331,Jorge,Sloan,alvaradojohn@example.org,759.200.4186,Active
8663,18497,438577,9230275,30226903,Tyler,Jackson,keithburnett@example.org,+1-865-834-2886x1742,Active
9259,92904,296527,8949227,90220692,Jennifer,Henderson,phendrix@example.org,691.257.9320,Inactive
2621,47202,155891,7586041,73980930,Richard,Navarro,fullernicole@example.net,607.932.5948,Inactive
1393,49407,613681,9591899,68743983,Kyle,Williams,kbrown@example.com,001-478-358-7965x5793,Inactive
7001,28631,421606,4904297,78392665,Paula,Tapia,alexandriawallace@example.com,001-281-756-0216x287,Active
4604,80493,175686,4270623,93501777,Robert,Moss,qmartin@example.com,001-337-455-2961x1100,Inactive
7315,48919,930720,3116120,82044024,Heidi,Barnes,cliffordcompton@example.com,691.491.0339x78273,Inactive
9549,85290,148286,5128750,60389444,James,Welch,pamelamerritt@example.net,509.432.0512,Inactive
1329,48897,982440,3224610,21220771,Joshua,Morris,justinbaker@example.net,001-438-777-3138x009,Active
6769,98905,859571,1557161,73381453,Darius,Riley,dsantana@example.org,(938)479-1648,Inactive
9633,21711,280149,2703767,45209938,Eric,Bradford,patrickjenkins@example.org,519.465.3905,Inactive
2626,74655,144679,6313375,67050529,Daniel,Thompson,dixoncharles@example.com,(546)468-2664x34861,Active
1056,47336,199702,2784904,39014222,Steven,Nelson,gonzalesjason@example.org,+1-774-614-1122x656,Active
8677,60243,435903,2073620,50840555,Christopher,Anderson,pauljennifer@example.net,6867221792,Active
5531,24380,694497,4946258,63561409,Robert,Hoffman,cassandracox@example.org,(755)568-5262,Active
4759,99764,795099,5230001,40015643,Gregory,Moody,timothygibson@example.com,(333)921-1561x36738,Active
2125,57794,615630,7910291,31537945,Brittany,Wilson,garciataylor@example.com,+1-304-234-2089x072,Inactive
5595,37728,973940,7412911,27124487,Lori,Hawkins,myersjasmine@example.net,4708145545,Active
7335,60262,911859,8231673,78539982,Jacqueline,Shaffer,donald94@example.com,(621)271-2210x4438,Inactive
7329,18517,186478,6665178,21909293,Raymond,Williams,bonniejohnson@example.org,+1-361-310-1933,Inactive
1446,74938,616853,5148035,43935827,Peter,Scott,paulfreeman@example.net,+1-311-674-8817,Inactive
5099,43817,624951,3089911,81194066,Rebecca,Mccann,htaylor@example.org,6442195182,Inactive
3836,35885,473872,7709657,67882998,Randall,Jones,patriciakelley@example.org,001-900-575-7417x1002,Active
3197,53753,257363,6477533,39277496,Eugene,Ford,hharper@example.net,+1-658-328-3466x4336,Inactive
4509,16508,634961,2489380,37022130,Angela,Todd,zrogers@example.com,719-398-1510x65933,Inactive
7143,82225,410481,7404705,41681722,Whitney,Daniel,fullerkimberly@example.net,+1-320-524-8383x954,Inactive
2428,12649,932521,7471837,39915462,David,Ellis,oadams@example.com,523.865.9476x35318,Inactive
4870,81815,720464,2416465,30427623,Stephanie,Hartman,lewisjanice@example.com,001-256-386-1861,Inactive
4231,95871,965992,9951194,71205525,Shannon,Nicholson,wcamacho@example.org,(784)352-3897x9937,Inactive
4090,69135,592759,3666045,28910459,Lisa,Baker,michael76@example.net,001-748-328-3779x0593,Active
8932,35722,244682,9972362,94379203,Shelby,Townsend,brianna53@example.org,592-399-2963x989,Inactive
3334,97627,671621,8038742,24446974,Andrew,Jones,kelly77@example.com,+1-282-658-0483x512,Active
6735,19062,604927,9841453,72577400,Christine,Carter,mark53@example.org,+1-711-962-5105,Active
8787,58532,775279,5515879,20470721,Sarah,Fisher,marie82@example.net,(219)262-5883x0486,Inactive
3330,99023,963281,3850554,20964203,Anthony,Taylor,atkinsondawn@example.org,(612)862-1060,Active
7539,99808,883082,7184544,99311145,Lawrence,Vasquez,hayesalexander@example.org,274-273-3616x2018,Inactive
8579,49765,341128,1092083,61932136,Julie,Myers,christopher53@example.org,001-335-482-1431x44329,Inactive
8714,27665,999267,8996281,12698202,Jennifer,Moore,jerrytaylor@example.net,(377)878-1923,Active
5168,22325,329378,1756230,48815715,Tina,Richardson,amber24@example.net,+1-411-242-0897,Inactive
1611,48407,610783,7846725,59110563,Peter,Roberson,alicia28@example.org,6617317756,Active
1608,32218,350700,5681188,40215481,John,Walker,jordanmartin@example.org,+1-894-450-5195x4405,Inactive
8667,89972,978641,9166859,61246290,Ethan,Middleton,davidmorgan@example.org,001-590-230-6889x29972,Inactive
8740,27999,493956,2072680,64459299,Kari,Johnson,kayla89@example.net,(945)946-0947,Active
1315,36980,670504,7083302,94636611,Brandon,Holder,bross@example.net,704-820-6055,Inactive
6501,20119,925372,3704495,21112152,Jessica,Logan,nharris@example.org,+1-955-542-4658x1137,Active
4642,70417,365991,3006606,57421064,Nathan,Gentry,thomasstacy@example.com,001-378-777-9390x3750,Active
8355,22535,659863,1679710,34180256,Kyle,Travis,melindastevens@example.org,+1-668-246-7618x78435,Active
2533,98078,493275,8768519,62717555,Samantha,Stevens,paul95@example.net,(428)491-2721x66792,Inactive
3914,40560,423664,7070812,44771894,Lauren,Wright,epennington@example.net,(301)920-8981,Active
7400,90954,217492,3783789,72449933,Jessica,Roth,ochen@example.com,870-274-6611x32957,Inactive
9874,25441,465811,7122807,96637223,Cynthia,Morris,hrandolph@example.org,(643)360-5194,Active
3925,72333,431075,8898022,36645650,Corey,Garner,mccarthymartin@example.org,(829)702-7828x6708,Active
1193,34301,172889,5929011,17916691,Julie,Armstrong,lori53@example.com,987-492-2144x12142,Active
1384,18532,380065,8234371,89059625,Traci,Poole,ramirezmichelle@example.net,851-877-4548x9926,Inactive
3850,58357,511002,7425938,82884938,Angela,Cooper,xchristensen@example.org,(826)592-2813x5431,Inactive
2477,28338,385524,1299907,94366081,Katelyn,Cantu,thompsonjohn@example.com,+1-210-501-9659,Inactive
5631,49302,220533,2502099,24295723,Tanner,Lawson,christopher54@example.com,(541)367-0471x684,Inactive
1884,14211,390010,5997071,73260973,Christopher,Wallace,elainedonovan@example.org,7509032037,Active
2961,25635,420070,9045108,97514284,Eric,Bennett,corey90@example.org,6015658328,Active
9388,55638,480932,3383565,84504169,Julia,Scott,opatterson@example.org,311.292.9138,Inactive
4080,20070,753239,2374380,48442855,Megan,Mcintyre,wlee@example.net,(238)974-9693,Inactive
1793,42863,154544,5963215,95684086,Angela,Ramos,ipatterson@example.com,644-638-1275x2383,Active
5964,85005,271095,6538811,81374398,Christopher,Chavez,npace@example.com,(799)223-5213,Inactive
6591,14621,732038,3341485,37177175,Jeffrey,Holt,barbarasutton@example.net,599-850-7591,Inactive
4322,65355,194347,3148688,34772673,Marc,Klein,olsonmariah@example.org,357.425.9839,Active
9781,55715,685167,7257521,69992376,Abigail,Smith,parkerjennifer@example.com,+1-447-284-6020x21694,Active
3831,11630,294826,8401629,88385456,Kathleen,Woods,danielle36@example.org,(441)563-9918,Inactive
3410,67070,225331,3113032,51177428,Jennifer,Thompson,rachel68@example.com,+1-313-338-0595x4968,Active
1088,57951,399336,6500596,95227218,Gina,Smith,bradleygilbert@example.com,(790)688-8428,Inactive
4669,45418,906793,7539278,41535686,Lisa,Barber,desiree82@example.org,+1-669-931-6045,Active
8529,69699,455066,2133035,21345397,David,Wilson,ricemichelle@example.org,242-866-5667,Inactive
6299,33729,164096,2618636,40880938,David,Rios,richardnguyen@example.net,(683)227-9156x3833,Active
3765,95116,200542,6366136,15143038,Johnny,Mitchell,richardsonmark@example.net,(461)234-9252x8325,Active
7421,57251,526084,5481150,97166811,Adrian,Rodriguez,nhart@example.net,(314)207-6110,Active
1372,27052,238775,8548513,85399723,Renee,Shepard,terrellmelissa@example.com,865.337.4999x802,Active
5603,31488,422158,7758803,43227659,Rachel,Crawford,rfletcher@example.net,001-536-363-0350x641,Active
8086,32280,758054,6818481,38407165,Catherine,Harris,stephenseric@example.org,+1-500-821-4989x58560,Inactive
6484,16878,987467,8556116,40352321,Craig,Marsh,fieldssean@example.net,6057508156,Active
7936,96318,211966,9289389,26511472,Ronald,Hubbard,kathrynnorton@example.com,(889)834-4100x25276,Active
2485,54381,431341,7726003,13743961,Brian,Hoffman,richard05@example.com,(315)478-9819x45259,Active
4184,24389,825283,7734764,82556448,Pamela,Williams,jonathan47@example.com,452-966-5177,Inactive
5774,18862,149982,4680241,28630189,April,Perkins,brenda05@example.net,(458)496-9367x62784,Active
2156,25890,470199,5608061,96605280,Brenda,Johnson,cford@example.com,(429)882-1305,Inactive
7795,48606,200047,4594032,23563939,Joel,Chavez,jonathanlang@example.com,001-479-655-1732x30762,Active
8327,16846,811780,1086211,57630169,Stacey,Flores,vbutler@example.net,803-432-1451,Inactive
9391,56845,611759,8106477,84671543,Ashley,Hudson,sgarcia@example.org,001-681-785-5706x61163,Active
3891,23136,721035,4645439,62090140,Anna,Merritt,campbellrobert@example.com,001-681-703-4053x77046,Inactive
6682,14682,308023,9183698,89561835,Molly,Ryan,shannon55@example.org,+1-483-210-9364x6895,Inactive
6288,90568,403729,7751336,23697703,Mitchell,Rich,shari86@example.net,(909)252-2060x017,Active
3360,33807,907120,1707446,62938196,Ryan,Pham,lorikeith@example.org,001-347-895-9246,Active
8555,39646,202315,7691824,62035798,Courtney,Key,cooleykristen@example.net,001-207-439-4689x98214,Active
5106,12232,212515,9209232,14338969,Randy,Silva,owells@example.org,(625)382-3007,Inactive
8272,13116,611223,1095427,63395880,Douglas,Elliott,alogan@example.net,(881)479-5209x472,Inactive
5824,12208,787433,1940918,56064526,Samuel,Lozano,ann82@example.org,537-422-1495x61886,Inactive
9485,98751,780535,9950427,86444608,Vanessa,Williams,hstone@example.org,+1-980-494-8493,Inactive
2473,90700,238282,4639916,71045301,Brandy,Graves,wdavis@example.com,+1-502-605-5602x42902,Inactive
8601,77990,893210,4503788,32639374,Nathan,Durham,david71@example.com,892.677.0592,Inactive
2646,97093,731760,9296918,15109730,Phillip,Greene,harperlaura@example.org,606.346.3216x010,Active
1003,12625,960809,6628617,63501439,George,Phillips,rflynn@example.net,7509556776,Inactive
3043,93706,952017,4486573,24617447,Jeffrey,Lopez,stephanie13@example.net,(261)549-9556,Active
9914,25890,499374,7475657,78785531,Matthew,Davis,blee@example.net,818-933-9258x613,Active
4889,45305,900143,3246417,57719443,Troy,Jackson,ashley43@example.org,649.765.1893,Inactive
5084,21502,586962,1931874,15076914,Francis,Price,christine72@example.com,001-516-627-4668x2672,Inactive
8794,97912,399074,6315669,41497854,Frank,Horne,robin04@example.org,001-932-835-7059x8310,Inactive
2621,30120,605860,6212253,89733189,Mitchell,Suarez,jamesgreer@example.net,+1-815-326-4749,Inactive
7369,55598,667413,1237155,71038256,Ronald,Ortiz,ywong@example.org,(706)418-2298x1304,Active
5563,10469,729456,7313131,30599381,Jeff,Rosario,zachary45@example.com,001-885-282-0631x12715,Inactive
9389,70068,595272,7816558,88475706,Monica,Williams,kimberlygarcia@example.org,+1-852-801-7278x097,Inactive
9910,29717,423847,9521720,56215739,Elizabeth,Kemp,sabrinagalvan@example.com,403.294.9862x3771,Active
7600,86006,323759,7967682,84217562,Jessica,Davis,petersonwilliam@example.org,522-766-4594x27496,Inactive
8540,85748,385154,6395407,70325780,Kimberly,Walker,phillipscrystal@example.net,538-734-3354x0059,Inactive
5133,43572,919874,5723913,50333262,Ashley,Peck,benjamintaylor@example.net,(508)714-6948x923,Active
3635,55853,557259,1606206,29176796,Jennifer,Allen,gwest@example.com,+1-514-824-5845,Inactive
1781,25360,948529,4352116,39846987,Michael,Rodriguez,zpittman@example.com,661-549-2940,Active
4394,26000,452203,2854304,84353444,Carlos,Peck,leonardkelsey@example.org,929.627.0385x0637,Active
9426,74436,737621,6393696,70012609,Gregory,Montgomery,jwilson@example.com,001-880-949-6899x56336,Active
1230,14507,736441,1730769,69249618,Diane,Johnson,ismith@example.net,767.633.1124x15934,Active
1373,94832,309546,3687394,81722591,Kevin,Thornton,jennifer14@example.net,001-980-443-6027x406,Active
1137,69378,633865,1664100,59506704,Caleb,Martin,melissajohnson@example.org,(280)747-2543,Inactive
2342,88962,763381,8256966,49191741,Sheila,Andrews,johngonzalez@example.com,797.687.3763x883,Active
5534,93512,208525,3540012,74447434,Erika,Moore,johnsonkelly@example.org,921-952-6974x7573,Active
6922,75150,266746,6506550,84477985,Harry,Lee,david73@example.org,+1-364-470-9143,Inactive
8081,28122,663030,4233042,62121019,Donna,Payne,yhernandez@example.com,(528)516-9134,Active
3601,41471,357087,5320188,16377544,Matthew,Allen,bramos@example.org,001-509-620-6829,Inactive
9134,34818,192278,1811443,12579283,Tasha,Stone,cookmatthew@example.org,001-766-916-9523,Inactive
3831,44694,235613,6664350,51252563,Michael,Carroll,kimberlygilbert@example.org,346.904.5615x8400,Inactive
8044,74895,756387,1688774,92311581,David,Stewart,devinholt@example.org,(878)962-4833x13043,Inactive
8062,14128,874821,5627947,45045314,Mark,Franco,watersmatthew@example.org,3565488972,Inactive
7406,20186,558944,9726394,30533956,Derek,Nelson,michellethompson@example.net,001-826-927-4968x1994,Active
6217,84657,573659,3630057,60336603,Holly,Hunter,jordanwilliams@example.com,891-398-2292x97322,Active
8537,92171,815769,6739131,90758712,Robert,Mcdowell,bsmith@example.com,893.483.9103x421,Inactive
2383,21090,242198,6530268,57224150,Amber,Stephens,christopher66@example.net,(213)541-9437,Inactive
4116,65758,391249,5199171,79030862,Margaret,Rich,jmartinez@example.net,(695)754-0956,Active
1461,74023,831491,6789949,84971741,Daniel,Vega,stevelara@example.org,928-673-9815,Active
8090,61513,348795,7805852,38982654,Shannon,Schneider,ramirezjose@example.org,001-868-543-5552x089,Active
1632,66105,937247,9558789,18216945,Katelyn,Myers,pgarcia@example.net,(275)629-4526x1648,Active
9791,86227,395887,4369581,94005753,Sara,Roth,jonathan81@example.com,2708201182,Inactive
9525,29331,507104,7896340,37112515,Aaron,Pollard,meganalvarez@example.com,272-936-1409x627,Inactive
1766,55526,891567,6558185,78913650,Barry,Davis,villegasmelinda@example.net,488-316-3996x809,Inactive
6052,16159,655887,7443145,77100495,Angela,Thornton,rwood@example.org,952-830-1685,Active
2052,37201,527234,3564762,59352500,Joshua,Phillips,brandon06@example.org,318.385.2463,Inactive
9778,52611,618385,4484182,88141223,Connie,Dyer,waderoy@example.org,6896789600,Active
4477,12440,208397,7240197,90752210,Charles,Hernandez,anna51@example.org,969-405-6347x770,Active
5664,29132,761404,9672161,21836055,Daniel,Anderson,evan50@example.com,491-650-7965x476,Active
3872,30914,145638,4114540,81173742,Cheryl,Mcdonald,dprince@example.com,+1-789-734-0742x2620,Inactive
9714,73289,692593,8803782,69583535,Johnny,Duffy,ybarrera@example.net,915.988.4934,Inactive
3088,48731,451209,1819829,22919614,Heather,Jones,gbowen@example.org,920.635.2985x0126,Active
2641,85857,636546,3374154,67871322,Bryan,Johnson,donna41@example.com,(348)433-6190x99012,Inactive
5430,97815,992227,6208982,41752239,Michael,Dixon,cynthia50@example.com,406-648-7750x90608,Active
2006,24188,500965,2274864,92027223,Jonathan,Esparza,victoria44@example.com,584.850.9302,Active
4882,56726,972906,3880846,14280208,Evan,Marquez,norrisrenee@example.org,(283)970-8254x66946,Inactive
3115,80891,643815,7398463,26441563,Mckenzie,Stevens,james30@example.org,642.640.4574,Inactive
9791,94876,186883,6892071,33010700,Taylor,Taylor,kimberlyhall@example.org,348-659-8803x83462,Inactive
2870,12335,795145,1457780,57437281,Dwayne,Smith,jefferyconner@example.org,206.296.8705,Active
1244,88929,103122,8293998,72334943,John,Buck,bellrachel@example.com,(427)575-4457x641,Active
4555,61306,307639,4407415,70402266,Mary,Martin,justingregory@example.net,511.451.2139x589,Active
2262,57681,916612,3656794,78137403,Cheryl,Myers,kimberly77@example.com,7218415703,Active
7434,59655,614581,5328971,25380268,Michael,Tapia,andrew26@example.com,+1-436-297-4787x29387,Active
5199,63169,906251,3816546,32717706,Ronald,Morris,danielwalker@example.net,395.621.9569x419,Inactive
8206,10266,684199,1616066,54027855,Karl,Mcdaniel,richardvargas@example.net,871-376-5058x99903,Active
9524,22521,678676,6060498,73861525,Michelle,Patrick,nicolashanson@example.com,(708)500-2326x5857,Inactive
5900,98057,219785,8415692,31235675,Mark,Hall,angelaharrison@example.com,656.510.2742,Inactive
4834,72117,692670,6360500,74505435,Kimberly,Carr,kjordan@example.org,+1-869-939-0810x3618,Inactive
2846,39395,894129,3949238,31141382,Paula,Burgess,anthony22@example.com,001-345-382-8321x8515,Active
1180,76705,633445,7980067,50273799,Gavin,Murphy,helenschmitt@example.net,464-281-6060x480,Active
7385,39962,813977,8035621,36879748,Joseph,Blackwell,oochoa@example.com,428-974-0124x763,Inactive
8152,82360,287572,2966426,83792864,Austin,Burnett,thomasjohn@example.com,(427)794-7137x76232,Inactive
6223,75202,760689,3089538,46411692,Andrew,Aguilar,hmorgan@example.net,+1-201-487-9543x05201,Active
6375,48278,374288,6347166,33904645,Michael,Patel,tanyalee@example.net,(720)657-1044,Active
1357,87660,940081,3353484,57003143,Caitlin,Jones,william10@example.net,001-943-835-9090x7236,Inactive
7627,42740,933130,9939020,50952927,William,Klein,zharper@example.org,+1-454-937-3969,Active
2811,68902,217961,5027816,35600595,David,Lopez,kevin69@example.com,799-397-5317,Active
1810,94925,445364,5382416,55892296,Dennis,Barrera,michaelmorris@example.org,411.394.1137x76274,Active
2215,61141,444724,9943508,70380327,David,Johnson,johnsonhunter@example.com,+1-217-939-0206x27693,Inactive
1420,15959,981133,5402505,83987282,Jennifer,Carter,patricia20@example.net,277.205.8337,Inactive
2900,75116,859441,6491770,42349880,Denise,Boyd,chavezseth@example.net,802-834-4037x014,Inactive
3352,80208,322299,8256956,59767401,Tiffany,Lane,raymond16@example.net,(933)783-4211,Inactive
2806,62710,434926,9127743,69019448,Caitlin,Gross,graykatherine@example.com,436-631-2678x13577,Inactive
1663,31283,118410,9614203,87445981,Sheila,Berg,zachary83@example.com,203-907-1365,Active
1830,76915,811189,6145085,52723345,Kelly,Owens,kellytiffany@example.net,402.977.9728x970,Active
1941,53397,553562,6047444,74673805,Michael,Williams,davidbeck@example.org,981-549-2851x56105,Inactive
5739,27269,286436,1791465,23110422,Jennifer,Morse,heather54@example.com,4764591466,Active
5319,89163,177555,1935553,10909686,Veronica,Jackson,gregross@example.net,(519)898-1715,Inactive
2521,19273,824921,4171077,42397181,Karen,Larson,jacobsondarrell@example.com,627-219-5760x1505,Active
8767,86736,629774,7657727,50048801,Aimee,White,kelleylori@example.net,+1-909-595-3001x119,Active
6184,61839,445166,6908709,46371152,Pamela,Schwartz,bradykimberly@example.org,565-269-1990x90059,Inactive
7660,86352,276596,2510750,71802969,Kristina,Frazier,bhiggins@example.net,+1-356-881-5334x33784,Inactive
3347,13237,501122,2910920,95161327,Kristen,Dominguez,anitamiller@example.net,(331)372-9226x251,Inactive
2495,96443,723663,8550272,28496440,Adam,Smith,kimmontgomery@example.org,362-345-6262,Inactive
8170,35715,532274,6940553,47609201,Richard,Castillo,carterashley@example.com,967.305.0985,Inactive
8847,16193,768038,3841997,68944653,Lynn,Allen,bsimmons@example.org,813-330-7028,Active
2262,65863,342452,4466178,86792619,Michael,Dickerson,morrisonjulia@example.org,001-255-706-1623x49682,Inactive
2411,22130,508442,1196427,70395718,Thomas,Chen,michelle51@example.org,001-847-489-6790x6800,Inactive
4262,97959,100882,9493929,36586021,Thomas,Stevenson,cranewesley@example.org,388-358-3819,Inactive
8126,24947,853781,3130620,81072469,Shane,Moore,benjamincohen@example.net,678.764.9704x4299,Active
7096,12360,339777,9076926,47783027,Matthew,Turner,castillolisa@example.org,001-494-819-6027x419,Inactive
2402,15053,692281,2101883,29026922,Stacey,Carter,marisa12@example.org,001-878-900-3395,Inactive
3170,16979,236721,5829899,78937459,Kevin,Brock,angelica30@example.net,(799)998-9750x64092,Inactive
4772,27011,305475,7049525,56137405,Miguel,Burnett,william69@example.org,451-895-3815x47381,Active
5064,22480,781130,6677703,11788938,Peter,Yoder,edward21@example.net,(662)292-5134,Active
7598,71113,582463,3512860,84102726,Angela,Butler,jackiehenry@example.com,221-673-3809x3148,Inactive
9237,74827,209648,7170530,23436443,Douglas,Berry,troy85@example.net,355.901.2580x251,Inactive
8853,83666,275102,4776065,48977854,Eric,Mooney,briana87@example.org,324.423.5345x0342,Active
7572,30083,429937,3060864,76875674,Anthony,Mercer,horntabitha@example.com,9258763529,Inactive
8712,42325,640101,9212368,77445537,Abigail,Davis,sandrasoto@example.net,673-462-2412,Active
7570,93257,758723,2450214,87565580,Jeffrey,Ward,patricia87@example.org,975.507.7847x88370,Inactive
8990,87029,974876,2890377,67071024,Jennifer,Wright,lopezwilliam@example.net,297-919-8362x107,Inactive
9868,23213,859916,8060844,12145860,James,Lawrence,morgan18@example.org,3733509938,Inactive
2502,94966,625600,2901165,95784297,Joshua,Ray,cody55@example.org,202.281.7002,Active
4956,64507,582132,7765036,69754625,Alan,Shea,jennifertran@example.org,(652)978-4616x3598,Inactive
3326,71638,341498,4745036,72386277,Andrew,Hall,michaelfranco@example.org,001-929-737-5053x12485,Inactive
1521,26797,667600,2736807,60222341,Christian,Jones,fsingleton@example.org,+1-805-677-7801x8138,Inactive
6708,82347,146495,7532795,11381311,Allison,Branch,heatherspencer@example.net,+1-763-490-0276x74974,Inactive
8095,71252,236147,1090364,45457978,Bernard,Allen,msantos@example.net,609.514.8727x023,Active
8528,69760,231555,6040403,30054535,Sandra,Meza,willie58@example.net,(262)450-3760x2504,Inactive
6458,38877,600571,2031793,92811115,Zachary,Henry,wesley15@example.net,(288)426-0190x68550,Active
6570,56372,229270,6568263,45126062,Rebecca,Pierce,clarkkara@example.com,(929)719-1410x408,Inactive
6157,98524,297666,2228455,37013117,Laura,Clayton,chavezwilliam@example.net,+1-822-419-5169,Inactive
2335,14325,559535,7080920,59916439,Daniel,Powers,drivera@example.org,(278)629-7246,Inactive
3205,64103,942686,8474883,85491895,Randall,Kim,jenniferjones@example.net,277.984.9476x5210,Active
7018,37154,846983,5577013,39972233,Andrea,Brown,allisonhancock@example.org,(594)905-6849,Active
4595,58633,325021,5289610,55476106,Dennis,Sanchez,nathanielponce@example.com,(956)751-7922,Inactive
5455,63030,140196,2583122,59359510,Joseph,Mueller,syoung@example.com,557-680-3506x494,Active
2187,82539,117203,4056012,44215222,Lisa,Cunningham,wfreeman@example.net,563.870.0983x458,Active
7391,53893,477273,3733365,91267536,Julia,Herrera,mmiller@example.com,575-366-9961x200,Active
6841,80983,920024,3274715,82047691,James,Brown,richard65@example.org,(534)566-5937x3283,Active
1826,56712,516311,3455301,74252673,Margaret,Hart,haydenleslie@example.org,440-353-5098x55551,Inactive
2704,97986,874885,4013014,89810467,Jennifer,Patterson,fshepard@example.org,476-403-1878x56438,Inactive
8009,36733,778020,9521528,98893109,Dylan,Castro,sjensen@example.net,(831)639-4019,Inactive
1405,27147,838342,8419893,66377961,Phillip,Krueger,michaelshannon@example.org,870-800-1356,Active
1610,33815,553302,4023052,74817239,Michael,Sullivan,robert81@example.net,+1-968-455-5341x46557,Inactive
2671,29812,564870,9685964,93973161,Gerald,Mason,faulkneremily@example.org,001-477-680-8287,Inactive
1056,29299,888000,1196051,39669188,Robert,Gay,robertsmichael@example.com,287.503.6694x44434,Active
8173,81708,900106,3966374,43671675,Jeanette,Ramirez,johnsonrobin@example.com,(912)519-9686x166,Inactive
5749,41043,386579,8166440,62356196,Penny,Williams,johnwilliams@example.org,717-409-6358x00172,Active
9201,35641,377164,2182047,52779849,Cheryl,Brooks,shannon40@example.org,(880)998-2678,Active
4373,50353,550705,4052107,10659508,Jason,Humphrey,kennethbartlett@example.org,+1-315-673-0100x008,Inactive
6604,76686,650849,2384376,34462920,Patrick,Moody,vasquezcourtney@example.net,3905311567,Inactive
5652,84753,493495,8545004,95062527,Catherine,Schneider,econtreras@example.com,792.943.1826,Inactive
2015,15932,955561,8618977,78262887,Peter,Jackson,lisafields@example.net,001-939-665-6123x708,Active
8930,25834,397406,5289301,14844429,Shannon,Smith,diazsteven@example.com,704-498-0561x08769,Active
6314,93147,410506,6395742,82822685,Abigail,Campbell,noblejuan@example.org,+1-285-388-7426x60515,Active
7893,64361,289320,9386689,19117777,Stacy,Mack,robertwebster@example.org,001-391-729-4244x62803,Active
8751,44473,707595,7472711,45865609,Edward,Gillespie,drivera@example.net,215.452.3074x11784,Inactive
6234,85356,133444,9908818,97750041,Bobby,Rice,johnsonashley@example.org,+1-943-450-6265x829,Inactive
6063,36267,785160,6542070,71247443,Destiny,Campbell,johnharris@example.com,+1-318-728-6263x940,Active
6854,98975,218956,3284115,60464109,Arthur,Carter,gunderwood@example.com,+1-836-867-7825x23281,Active
1993,90612,665804,7597941,34813849,Jacob,Ball,gfry@example.com,001-648-219-6009x60828,Active
3827,33455,302740,4303474,15554499,Steven,Lee,umercer@example.com,976-769-7201x99304,Inactive
8124,99465,331110,5690828,25471254,Sarah,Smith,ngraham@example.com,+1-433-941-8987,Active
9155,35759,857827,5784473,36753579,James,Cruz,thomastodd@example.net,+1-976-239-1399x33100,Active
3188,42191,645731,1744595,27957844,Alicia,Harris,shelby21@example.org,837.620.2977x975,Inactive
1929,69109,862506,2371683,52193310,Heidi,Tran,njohnson@example.net,256.769.8896x8020,Active
4816,47852,581987,9403530,32929861,Christopher,Stein,riveratina@example.net,5305598119,Active
9442,49668,955598,7014905,70042977,Carolyn,Myers,tford@example.net,479-485-4773,Active
5469,70154,439631,2689398,74732741,Austin,Coleman,austinjackson@example.net,(894)631-6194,Inactive
8572,16659,876346,8131490,42846776,Brian,Flores,andrewdickson@example.net,345-647-3453x20950,Inactive
9737,98864,399679,6560735,39438555,Kimberly,Cervantes,tfranco@example.net,001-899-456-3002x695,Inactive
5773,53811,294347,7346916,36447847,Jonathan,Wilkins,jessezhang@example.com,(844)216-7973x0278,Inactive
6922,41276,145181,2651949,60513822,Amanda,Olson,fstone@example.org,+1-938-489-6054x624,Inactive
7653,43729,921355,1617046,96660960,Kenneth,Gallagher,tescobar@example.com,968.951.9456x73206,Active
2240,77301,178648,2937711,24951599,Jennifer,Mcmahon,kelly91@example.net,553.741.8027,Active
9028,64245,233111,2560932,28921822,Jennifer,Davis,mcculloughbilly@example.com,+1-871-238-7170x75413,Inactive
8410,76428,733466,1256937,94666409,Eileen,Mills,cathy84@example.net,622-645-2203x375,Inactive
8856,68062,665319,4809140,42100415,Steven,Parks,dthomas@example.org,(943)891-0242x181,Inactive
3768,60006,244332,3504216,41232679,Michelle,Burke,jessicastephens@example.org,5296679896,Inactive
5155,55794,616413,8901394,70004263,Joshua,Lynn,belldenise@example.org,(901)251-4508,Active
8627,23536,233985,8023748,69574324,Kyle,Price,pateltiffany@example.org,(334)422-8978x3954,Active
1327,43655,643487,2013774,77319991,Kevin,Guerra,joannfigueroa@example.net,(573)917-8877x07957,Inactive
4962,16877,130913,7989078,26271042,Lisa,Pollard,rubenmyers@example.net,282-901-9708x58441,Active
1836,17836,744568,7957843,55604860,Robert,Archer,christine77@example.net,+1-954-372-0633,Inactive
6151,98469,785279,4072660,13493800,Jesus,Pope,lawrencepatricia@example.net,(733)876-9656x21332,Inactive
2050,57814,771157,7411522,42323055,Travis,Butler,qdouglas@example.com,(221)384-4631,Active
2455,59721,889611,1060454,83751709,Vernon,Stephens,samantha67@example.org,679-373-6946,Active
2717,82777,786029,3226176,64513655,Joseph,Estrada,marksmith@example.com,+1-757-451-7360x3901,Inactive
5125,89120,585234,5662513,33462375,Michele,Perkins,oanderson@example.org,876-215-1797,Inactive
1438,68579,253490,9973480,91532715,Rebecca,Mays,beverly07@example.org,324.279.3050x381,Active
4032,61984,626275,7996744,82455342,Darren,Santiago,tracygentry@example.org,001-504-350-5825x395,Inactive
7154,20943,706847,2619817,27808085,Lisa,Castillo,haley18@example.com,(876)354-0467x241,Active
8558,99405,618108,5388993,35862995,Kathleen,Anderson,estewart@example.org,656.238.0945x3858,Active
5672,48206,494379,7650462,58804046,Toni,Miller,mariajackson@example.org,997-246-8098,Inactive
2636,40226,174239,7137827,92244539,Marco,Moreno,whunt@example.org,+1-789-652-0957x5179,Inactive
5686,86323,406081,1482931,57094314,Jeremy,Saunders,madisonhaynes@example.net,716-356-7134x63485,Active
5574,79766,982553,4796155,90781440,Amy,Burton,michaelsmith@example.com,(704)975-1022x774,Active
8378,91257,700506,5821675,44512288,Brad,Pennington,linsusan@example.net,+1-655-333-6284x05048,Inactive
8474,62803,866936,9314410,91870272,Shannon,Mcbride,mdavis@example.com,001-908-762-7382x695,Active
4112,18265,795693,7978686,39143940,Nicole,Becker,mcameron@example.org,(661)487-3456,Inactive
6182,18212,258882,4084081,94778486,Kathleen,Lopez,john54@example.com,+1-673-297-4684x2111,Active
2084,75278,939863,6718207,41943542,Timothy,Ramirez,stevensontanya@example.net,960.298.8623,Inactive
5798,80442,291976,5007043,21242002,Tanya,Walton,ngomez@example.com,8865950296,Active
6021,70830,422452,8860211,47261667,Gloria,Gonzalez,sanchezgeorge@example.org,(678)895-0672x79190,Active
3117,73709,412191,2257753,89397084,Chad,Harris,carrandrea@example.org,497-343-5535,Active
2933,12069,859342,4112474,96414520,Carlos,Warren,glendaclarke@example.net,(939)325-8621,Active
9119,52561,537145,3297853,74716412,Brandy,Brown,cruzderrick@example.com,+1-241-662-2761x4758,Active
2046,98303,209798,3503590,47801273,Andrew,Wilson,stacey40@example.org,264.699.9763x35878,Inactive
2856,44953,300941,3222043,68196609,Michael,Jimenez,martinezstephanie@example.net,790.247.4811,Inactive
3735,18950,397052,5954902,21329852,Michael,Hampton,zcampbell@example.org,+1-962-485-6404x77940,Active
7630,75923,509782,3166999,95953931,Jacob,Cohen,paige83@example.net,905.321.1194,Inactive
8351,73229,544333,2666860,33152456,Scott,Adams,lawrencedunn@example.org,7337799864,Active
9556,90894,974270,8302432,48806458,Nicole,Clark,bpeterson@example.com,(813)789-6709,Active
5237,48956,481798,4074757,34151012,Steve,Barker,todd02@example.org,(862)947-6292,Inactive
1824,29228,315475,9514543,83037121,Charles,King,ngriffin@example.org,825-751-3745,Inactive
8670,95755,163778,1577067,95719374,Andrew,Benton,farrelljessica@example.org,001-776-591-1151,Inactive
1436,11617,917032,4909263,99142127,Daniel,Clark,greed@example.org,429-349-3096,Inactive
3542,16735,551793,9044059,30333430,Glenn,Jackson,paceangel@example.net,(686)422-3201x3113,Active
2627,46542,870359,9522513,40547836,Charles,Roberts,jasmine40@example.org,001-605-371-2870x4049,Inactive
2125,88755,741181,4507732,30699519,Andrew,Fitzgerald,adam99@example.com,001-474-806-3323x54774,Inactive
7138,61403,459257,8105915,54644198,Katherine,Houston,scarr@example.com,(430)249-8372,Inactive
2901,19856,346435,4012931,97721466,Lisa,Kelley,mclark@example.org,(314)944-9890,Inactive
2440,15526,966093,6800079,43301630,Christopher,Dawson,matthew13@example.net,001-363-304-0521,Active
3259,55951,676258,1522747,60512068,Tina,Alexander,jeffreymartin@example.com,515-296-5255x1026,Inactive
6711,48262,421913,4228075,18172383,Thomas,Conley,larsenseth@example.org,001-383-326-4948x861,Inactive
1229,30396,363854,8506800,84742446,Gavin,Collier,caseypatrick@example.org,3322486455,Active
8287,72545,758478,2671996,34830990,Bob,Brown,wsilva@example.org,(220)292-6110,Inactive
6728,43152,560924,8814907,72121629,Ashley,Wright,sullivanphyllis@example.net,(300)761-8516x2434,Active
7598,84719,918322,4239573,34838867,Patricia,Lee,martinkimberly@example.com,001-591-311-0553x1691,Inactive
9341,36001,911637,3437453,83341273,Donald,Smith,williamtaylor@example.com,729-387-1612,Active
9146,80005,453272,6475339,63197702,Kerri,Chavez,deanstone@example.com,373.574.8620x265,Inactive
6409,25202,396783,3432070,58257327,Manuel,Rhodes,sheliawilson@example.org,265-391-3788,Active
3721,97904,345799,4336641,58937638,Sonya,Smith,abigailherman@example.com,911-758-8771x8444,Active
1525,77450,297603,2107826,15303315,Eddie,Davenport,sloanvalerie@example.org,784-428-3425x90219,Inactive
5694,21213,434554,9989389,47111645,Jesus,Wilson,amymorton@example.com,001-989-286-0701x01240,Active
1143,48387,380154,7269492,79695094,Kevin,Davis,mhenderson@example.com,(751)709-2601,Active
2764,93951,782898,2606453,19303055,Richard,Simpson,paige89@example.net,+1-702-329-5264x4815,Active
2944,72036,665503,4146399,77417907,Misty,Brooks,christopher00@example.net,(480)994-0216,Inactive
7992,60091,442657,9018293,90466182,Ian,Lewis,nicholas09@example.com,001-536-452-3589x30975,Inactive
2072,77106,153082,9826687,32892251,Lauren,Dixon,fbowen@example.net,+1-807-851-1074x746,Active
8065,17123,684141,5323534,90380805,Leonard,Payne,lisataylor@example.org,7527831527,Active
2794,49960,506904,6726627,87349178,Jeffrey,Calderon,michaelburton@example.net,883.541.1146x2154,Inactive
9127,67668,852314,2474052,60117119,Courtney,Brady,joneseileen@example.org,440.791.2255,Inactive
2939,61599,174223,9291271,96298159,Debbie,Castaneda,xhoffman@example.org,499-478-2480,Active
1111,61204,805630,2904907,63055000,Kathy,Adams,colebrandy@example.net,(340)343-9562,Active
1585,31727,112556,2116463,70959962,Amanda,Watson,vmccullough@example.com,8735807235,Active
1563,16517,387920,9973497,61677041,Lisa,Hill,myerslori@example.net,(387)470-8746,Active
7071,49233,326168,1384618,35513585,Eric,Brewer,greenkristen@example.org,523.936.8188,Inactive
7044,73136,542036,5719393,51770717,Chelsey,Frazier,warren41@example.net,422.206.0153,Active
4146,86525,479627,3162308,68283658,Alexander,Small,carlos59@example.com,(561)933-5966,Inactive
8669,23857,494803,9988489,95383909,Amanda,Arias,nataliecurry@example.org,+1-438-789-0311x246,Inactive
3471,96675,882737,5607163,22875457,Christian,Stephens,patriciameyer@example.org,001-881-738-2762x8491,Inactive
8022,39601,350527,3881443,45418054,Maria,Rodriguez,brian52@example.com,796-592-2718,Active
1632,75429,295323,9904107,96127433,Shawna,Turner,barnessuzanne@example.org,(836)774-8570,Inactive
5721,73651,789111,2593536,43995411,Michael,Williams,christopherrussell@example.com,(283)259-6723x828,Active
6473,46637,458180,4329800,83859009,Joseph,Hall,johnrivera@example.org,748-461-8098x49572,Inactive
1938,75489,300474,5174873,39008185,Samuel,Johnson,xsingh@example.org,3559405930,Active
3773,35172,714350,1869908,59287507,John,Williams,karenjohnson@example.org,(893)549-1413,Active
8778,16177,856839,3204917,81727304,Robert,Murillo,james55@example.org,(557)854-9059x905,Inactive
9067,16104,807887,7141539,24163159,Candice,Ray,amysandoval@example.com,541.642.5261x687,Active
5450,25866,858705,7869411,92701388,Caitlin,Williams,katelyn20@example.com,001-486-280-2221x4226,Active
2313,56948,696355,8014650,28942950,Alexandra,Allen,chapmankenneth@example.net,+1-768-588-9191x7667,Inactive
9497,65063,819607,9118375,49733431,Erin,Prince,lawrenceshawn@example.com,506.772.8577x3463,Active
5143,98145,124551,3650327,72363206,Kathy,Brown,pfinley@example.net,001-732-639-9317x797,Active
1324,53800,324759,5291570,25193270,Brian,Arnold,ihill@example.com,489.983.9742x44886,Inactive
6827,45614,720120,2255176,88661621,Marcus,Owen,mmiller@example.org,+1-331-306-1759x8743,Inactive
2804,37617,285469,9977715,74793832,Jeffrey,Martin,kjones@example.net,(939)502-5569,Active
8935,51700,509005,2540441,22844878,Zachary,Garza,mtaylor@example.net,754-424-7270x6294,Inactive
5099,41994,532656,6998175,32250799,Thomas,Davidson,keiththomas@example.com,8414064349,Inactive
7029,53484,690372,3098542,87820768,Christopher,Davis,anthonycolon@example.net,9823701980,Active
1936,40518,546520,8886507,54703731,April,Murphy,justin61@example.com,+1-971-299-5877x50517,Inactive
9820,19928,364599,4376585,49223607,Russell,Powers,johnsonrobert@example.com,001-720-284-8617x7128,Inactive
2117,92725,392553,8693898,97313779,Karen,Russell,bdixon@example.org,001-707-324-5941x988,Inactive
3280,61351,310196,8194185,78826027,Jacob,Mendoza,deborah81@example.net,388-223-6396x6822,Inactive
3951,44678,308767,2881055,52778391,Brandon,Moore,ryan12@example.com,292-970-3276x39391,Inactive
9392,76037,571286,8557031,97125605,Amber,Lynn,qvasquez@example.org,9609461951,Active
